,,,,,,,,,,,,,,,,,,,,,,,,,,,,,,,,,,,
1.연령별 인구현황,,,,,,,,,,,,,,,,,,,,,,,,,,,,,,,,,,,
,,,,,,,,,,,,,,,,,,,,,,,,,,,,,,,,,,,
행정기관 : 충청남도 천안시  ,,,,,,,,,,,,,,,,,,,,,,,,,,,,,,,,,,,
통계년월 : 2025.7 현재,,,,,,,,,,,,,,,,,,,,,,,,,,,,,,,,,,,
연    령,,천 안 시,천안시 동남구,목천읍,풍세면,광덕면,북면,성남면,수신면,병천면,동면,중앙동,문성동,원성1동,원성2동,봉명동,일봉동,신방동,청룡동,신안동,천안시 서북구,성환읍,성거읍,직산읍,입장면,성정1동,성정2동,쌍용1동,쌍용2동,쌍용3동,백석동,불당1동,불당2동,부성1동,부성2동
,,인 구 수,인 구 수,인 구 수,인 구 수,인 구 수,인 구 수,인 구 수,인 구 수,인 구 수,인 구 수,인 구 수,인 구 수,인 구 수,인 구 수,인 구 수,인 구 수,인 구 수,인 구 수,인 구 수,인 구 수,인 구 수,인 구 수,인 구 수,인 구 수,인 구 수,인 구 수,인 구 수,인 구 수,인 구 수,인 구 수,인 구 수,인 구 수,인 구 수,인 구 수
합     계,계,"662,677","261,137","22,263","10,469","3,996","4,113","2,811","2,074","5,952","1,905","4,612","7,808","7,649","8,701","17,018","23,503","42,548","57,873","37,842","401,540","21,790","21,529","19,287","7,565","16,682","24,628","12,511","34,211","17,151","40,636","31,435","37,133","53,305","63,677"
,남,"339,926","132,357","11,444","5,517","2,015","2,159","1,483","1,153","3,274","1,039","2,424","3,951","3,962","4,456","8,686","11,705","21,902","28,887","18,300","207,569","11,360","11,394","10,624","4,125","8,871","13,771","6,154","16,783","8,270","20,467","15,784","18,591","27,649","33,726"
,여,"322,751","128,780","10,819","4,952","1,981","1,954","1,328",921,"2,678",866,"2,188","3,857","3,687","4,245","8,332","11,798","20,646","28,986","19,542","193,971","10,430","10,135","8,663","3,440","7,811","10,857","6,357","17,428","8,881","20,169","15,651","18,542","25,656","29,951"
0세 - 0세,계,"3,561","1,242",53,103,6,3,1,1,7,1,9,87,21,8,83,99,151,393,216,"2,319",33,93,71,12,83,56,35,132,59,202,254,270,415,604
,남,"1,789",597,31,50,3,1,0,1,5,0,2,46,5,3,39,53,70,198,90,"1,192",16,56,33,7,41,27,15,75,32,109,131,142,211,297
,여,"1,772",645,22,53,3,2,1,0,2,1,7,41,16,5,44,46,81,195,126,"1,127",17,37,38,5,42,29,20,57,27,93,123,128,204,307
1세 - 1세,계,"3,422","1,124",49,75,5,3,0,2,13,3,10,75,15,11,80,73,177,347,186,"2,298",36,96,78,6,66,44,21,122,60,245,219,247,363,695
,남,"1,757",579,26,35,2,1,0,1,10,2,4,34,8,5,39,36,82,192,102,"1,178",19,47,39,2,27,28,10,62,30,122,122,142,185,343
,여,"1,665",545,23,40,3,2,0,1,3,1,6,41,7,6,41,37,95,155,84,"1,120",17,49,39,4,39,16,11,60,30,123,97,105,178,352
2세 - 2세,계,"3,542","1,202",54,92,6,5,3,2,9,1,7,71,14,11,68,91,167,403,198,"2,340",18,82,57,10,56,33,35,133,62,256,209,309,365,715
,남,"1,789",591,32,48,2,2,3,1,3,0,1,36,6,4,30,49,72,211,91,"1,198",6,41,29,6,31,16,15,65,29,130,109,159,199,363
,여,"1,753",611,22,44,4,3,0,1,6,1,6,35,8,7,38,42,95,192,107,"1,142",12,41,28,4,25,17,20,68,33,126,100,150,166,352
3세 - 3세,계,"3,840","1,214",56,63,2,6,4,2,4,0,15,60,17,15,78,82,186,436,188,"2,626",40,85,83,13,58,39,33,131,57,308,232,365,388,794
,남,"1,977",627,28,34,2,2,2,0,1,0,5,31,9,8,43,45,107,228,82,"1,350",22,42,45,9,28,23,16,68,38,157,116,176,196,414
,여,"1,863",587,28,29,0,4,2,2,3,0,10,29,8,7,35,37,79,208,106,"1,276",18,43,38,4,30,16,17,63,19,151,116,189,192,380
4세 - 4세,계,"4,116","1,389",67,80,4,6,5,0,16,1,15,48,27,27,97,116,212,451,217,"2,727",45,95,84,7,64,47,37,154,70,297,246,386,332,863
,남,"2,151",714,34,43,2,2,2,0,7,0,6,28,15,12,46,58,104,236,119,"1,437",26,52,47,2,31,25,20,88,34,160,128,200,172,452
,여,"1,965",675,33,37,2,4,3,0,9,1,9,20,12,15,51,58,108,215,98,"1,290",19,43,37,5,33,22,17,66,36,137,118,186,160,411
5세 - 5세,계,"4,357","1,398",73,62,6,9,6,2,12,2,11,44,30,21,70,114,227,495,214,"2,959",50,114,93,12,66,59,54,155,75,341,275,446,343,876
,남,"2,246",716,36,30,4,6,3,2,7,0,5,19,15,11,39,53,134,249,103,"1,530",31,52,50,5,30,25,28,79,38,182,161,228,168,453
,여,"2,111",682,37,32,2,3,3,0,5,2,6,25,15,10,31,61,93,246,111,"1,429",19,62,43,7,36,34,26,76,37,159,114,218,175,423
6세 - 6세,계,"4,661","1,532",82,75,8,8,7,3,20,1,17,48,24,20,83,158,299,459,220,"3,129",58,118,91,11,59,64,42,208,60,390,258,512,341,917
,남,"2,405",785,46,42,2,4,3,1,9,0,10,29,13,11,44,84,154,228,105,"1,620",34,58,56,4,27,39,19,107,31,199,123,279,182,462
,여,"2,256",747,36,33,6,4,4,2,11,1,7,19,11,9,39,74,145,231,115,"1,509",24,60,35,7,32,25,23,101,29,191,135,233,159,455
7세 - 7세,계,"5,236","1,728",112,71,5,8,6,1,14,1,18,63,33,15,81,151,314,620,215,"3,508",82,117,109,8,58,51,52,219,93,495,285,603,389,947
,남,"2,663",870,50,35,2,2,2,1,8,1,11,45,12,5,39,76,158,309,114,"1,793",39,58,58,6,40,24,26,108,41,262,150,293,208,480
,여,"2,573",858,62,36,3,6,4,0,6,0,7,18,21,10,42,75,156,311,101,"1,715",43,59,51,2,18,27,26,111,52,233,135,310,181,467
8세 - 8세,계,"5,707","1,849",117,75,6,6,6,2,26,1,10,52,38,27,104,196,378,580,225,"3,858",86,152,100,34,64,62,48,252,108,507,328,680,386,"1,051"
,남,"2,962",973,70,36,3,4,5,0,9,0,1,27,17,14,69,94,209,302,113,"1,989",42,81,56,16,38,37,31,123,51,248,158,355,196,557
,여,"2,745",876,47,39,3,2,1,2,17,1,9,25,21,13,35,102,169,278,112,"1,869",44,71,44,18,26,25,17,129,57,259,170,325,190,494
9세 - 9세,계,"6,397","2,069",143,86,15,10,9,4,16,1,12,48,33,20,99,210,447,684,232,"4,328",111,176,144,23,68,54,95,319,149,616,367,756,422,"1,028"
,남,"3,241","1,052",71,51,8,5,2,2,12,1,8,24,15,12,48,96,259,341,97,"2,189",62,91,77,15,41,29,57,156,70,298,188,387,213,505
,여,"3,156","1,017",72,35,7,5,7,2,4,0,4,24,18,8,51,114,188,343,135,"2,139",49,85,67,8,27,25,38,163,79,318,179,369,209,523
10세 - 10세,계,"6,580","2,250",176,72,8,12,6,6,31,1,18,51,41,47,110,257,490,666,258,"4,330",109,179,122,27,99,80,103,308,129,669,376,773,375,981
,남,"3,355","1,127",93,40,5,8,4,3,15,1,7,22,24,19,52,124,240,338,132,"2,228",62,92,53,20,50,39,61,162,60,318,187,402,204,518
,여,"3,225","1,123",83,32,3,4,2,3,16,0,11,29,17,28,58,133,250,328,126,"2,102",47,87,69,7,49,41,42,146,69,351,189,371,171,463
11세 - 11세,계,"6,568","2,260",179,65,9,16,5,5,34,0,20,44,31,39,126,257,465,681,284,"4,308",134,154,131,27,75,79,71,334,158,655,375,832,371,912
,남,"3,394","1,156",85,30,3,5,0,1,20,0,10,21,14,23,73,133,250,331,157,"2,238",73,88,69,15,39,40,39,185,83,323,191,436,200,457
,여,"3,174","1,104",94,35,6,11,5,4,14,0,10,23,17,16,53,124,215,350,127,"2,070",61,66,62,12,36,39,32,149,75,332,184,396,171,455
12세 - 12세,계,"6,853","2,425",184,52,17,13,9,11,22,3,14,64,33,47,122,268,553,722,291,"4,428",149,196,145,36,97,80,97,347,176,682,421,784,399,819
,남,"3,433","1,232",98,23,8,5,8,4,12,2,7,40,17,22,44,131,287,378,146,"2,201",70,86,65,18,58,40,52,171,77,351,229,391,194,399
,여,"3,420","1,193",86,29,9,8,1,7,10,1,7,24,16,25,78,137,266,344,145,"2,227",79,110,80,18,39,40,45,176,99,331,192,393,205,420
13세 - 13세,계,"7,207","2,547",196,58,9,12,7,2,33,3,14,63,44,45,122,338,619,734,248,"4,660",170,214,159,33,90,110,106,380,171,780,423,766,417,841
,남,"3,725","1,329",88,36,6,6,5,2,18,2,8,33,27,23,62,169,329,390,125,"2,396",95,108,77,19,53,56,52,187,85,401,213,416,208,426
,여,"3,482","1,218",108,22,3,6,2,0,15,1,6,30,17,22,60,169,290,344,123,"2,264",75,106,82,14,37,54,54,193,86,379,210,350,209,415
14세 - 14세,계,"7,016","2,638",226,59,19,21,10,8,35,3,14,66,47,57,127,325,605,757,259,"4,378",173,212,144,38,100,91,108,424,202,691,445,629,388,733
,남,"3,570","1,343",120,30,8,10,7,3,16,1,6,27,23,30,66,170,330,367,129,"2,227",81,108,66,16,56,53,53,225,114,351,212,302,190,400
,여,"3,446","1,295",106,29,11,11,3,5,19,2,8,39,24,27,61,155,275,390,130,"2,151",92,104,78,22,44,38,55,199,88,340,233,327,198,333
15세 - 15세,계,"6,701","2,521",199,44,12,13,10,10,28,5,21,90,52,55,119,348,550,712,253,"4,180",205,219,147,32,85,89,101,401,205,641,452,608,358,637
,남,"3,490","1,310",109,27,9,8,5,4,18,3,12,49,30,33,72,180,285,345,121,"2,180",117,112,89,13,46,58,47,219,109,320,234,317,183,316
,여,"3,211","1,211",90,17,3,5,5,6,10,2,9,41,22,22,47,168,265,367,132,"2,000",88,107,58,19,39,31,54,182,96,321,218,291,175,321
16세 - 16세,계,"6,650","2,550",237,55,8,15,13,6,25,5,14,56,53,51,123,360,572,722,235,"4,100",186,205,174,41,95,99,100,382,166,570,438,573,458,613
,남,"3,463","1,347",138,30,5,9,7,5,13,1,7,30,28,34,71,177,300,370,122,"2,116",105,102,96,19,38,45,44,202,95,278,237,293,232,330
,여,"3,187","1,203",99,25,3,6,6,1,12,4,7,26,25,17,52,183,272,352,113,"1,984",81,103,78,22,57,54,56,180,71,292,201,280,226,283
17세 - 17세,계,"7,098","2,716",240,52,15,15,15,9,31,6,27,77,53,62,152,337,593,754,278,"4,382",204,249,177,52,95,98,112,461,242,608,468,537,483,596
,남,"3,602","1,360",117,25,6,8,6,7,12,6,18,39,26,32,72,153,304,398,131,"2,242",114,115,104,25,40,50,56,234,142,307,241,273,241,300
,여,"3,496","1,356",123,27,9,7,9,2,19,0,9,38,27,30,80,184,289,356,147,"2,140",90,134,73,27,55,48,56,227,100,301,227,264,242,296
18세 - 18세,계,"6,787","2,664",244,52,17,17,15,6,30,6,25,73,58,74,128,317,550,694,358,"4,123",197,220,167,50,127,109,116,429,200,577,470,433,470,558
,남,"3,505","1,353",133,21,13,11,5,2,15,5,13,38,34,44,80,160,293,333,153,"2,152",107,116,92,25,71,58,65,245,101,293,243,195,256,285
,여,"3,282","1,311",111,31,4,6,10,4,15,1,12,35,24,30,48,157,257,361,205,"1,971",90,104,75,25,56,51,51,184,99,284,227,238,214,273
19세 - 19세,계,"6,453","2,577",188,55,10,28,7,5,33,5,22,52,49,85,124,278,460,623,553,"3,876",201,212,171,45,114,144,104,447,202,446,377,385,546,482
,남,"3,326","1,344",113,31,6,14,2,2,19,3,13,28,23,44,68,156,253,313,256,"1,982",88,99,94,31,53,67,54,226,119,252,204,209,247,239
,여,"3,127","1,233",75,24,4,14,5,3,14,2,9,24,26,41,56,122,207,310,297,"1,894",113,113,77,14,61,77,50,221,83,194,173,176,299,243
20세 - 20세,계,"6,783","2,741",212,80,26,26,14,7,31,4,29,84,67,63,133,254,438,581,692,"4,042",222,209,153,44,133,162,122,471,175,428,454,365,674,430
,남,"3,399","1,335",117,46,12,15,9,4,16,3,15,41,36,33,73,141,257,318,199,"2,064",104,127,89,28,78,62,62,236,97,261,245,193,266,216
,여,"3,384","1,406",95,34,14,11,5,3,15,1,14,43,31,30,60,113,181,263,493,"1,978",118,82,64,16,55,100,60,235,78,167,209,172,408,214
21세 - 21세,계,"7,384","3,001",194,75,16,15,22,10,48,9,31,85,69,63,146,248,451,630,889,"4,383",256,222,177,38,133,232,140,523,214,389,382,340,878,459
,남,"3,721","1,472",108,53,15,10,12,4,23,7,21,38,44,37,67,144,252,352,285,"2,249",134,108,105,23,65,101,75,262,116,232,201,177,393,257
,여,"3,663","1,529",86,22,1,5,10,6,25,2,10,47,25,26,79,104,199,278,604,"2,134",122,114,72,15,68,131,65,261,98,157,181,163,485,202
22세 - 22세,계,"7,753","3,161",235,86,16,21,14,7,85,11,30,80,72,67,166,239,452,558,1022,"4,592",231,197,198,44,162,321,129,592,201,400,382,294,956,485
,남,"3,939","1,585",122,50,13,11,9,7,54,9,18,26,42,30,84,131,240,303,436,"2,354",119,115,117,26,89,136,58,304,102,205,207,152,458,266
,여,"3,814","1,576",113,36,3,10,5,0,31,2,12,54,30,37,82,108,212,255,586,"2,238",112,82,81,18,73,185,71,288,99,195,175,142,498,219
23세 - 23세,계,"8,060","3,226",229,74,16,19,16,9,78,6,30,103,74,77,207,256,450,614,968,"4,834",245,205,193,64,161,386,178,571,212,415,359,304,993,548
,남,"4,193","1,652",114,43,9,11,11,6,56,4,14,43,44,44,100,125,237,322,469,"2,541",153,117,105,42,73,177,64,332,134,213,176,141,521,293
,여,"3,867","1,574",115,31,7,8,5,3,22,2,16,60,30,33,107,131,213,292,499,"2,293",92,88,88,22,88,209,114,239,78,202,183,163,472,255
24세 - 24세,계,"9,063","3,557",277,102,21,25,18,8,107,10,45,101,79,91,274,275,540,635,949,"5,506",242,250,202,60,171,546,214,515,226,489,421,370,"1,104",696
,남,"4,828","1,901",162,54,17,13,8,5,78,5,21,39,44,50,119,142,293,315,536,"2,927",135,136,121,37,91,270,98,299,122,256,232,176,594,360
,여,"4,235","1,656",115,48,4,12,10,3,29,5,24,62,35,41,155,133,247,320,413,"2,579",107,114,81,23,80,276,116,216,104,233,189,194,510,336
25세 - 25세,계,"9,291","3,386",221,129,18,29,18,11,87,11,33,112,86,81,271,278,550,648,803,"5,905",268,253,231,60,230,636,235,558,256,515,420,416,"1,120",707
,남,"5,048","1,874",115,79,7,21,10,7,65,7,20,59,55,48,128,158,302,361,432,"3,174",159,147,150,38,128,333,104,303,128,277,221,192,599,395
,여,"4,243","1,512",106,50,11,8,8,4,22,4,13,53,31,33,143,120,248,287,371,"2,731",109,106,81,22,102,303,131,255,128,238,199,224,521,312
26세 - 26세,계,"9,033","3,227",277,131,26,28,19,20,70,9,48,95,89,86,248,220,603,600,658,"5,806",205,217,248,75,264,657,205,506,240,472,424,414,"1,126",753
,남,"4,962","1,798",167,71,14,19,11,11,53,4,22,57,61,52,129,116,331,340,340,"3,164",112,126,152,45,135,347,99,265,122,270,246,205,623,417
,여,"4,071","1,429",110,60,12,9,8,9,17,5,26,38,28,34,119,104,272,260,318,"2,642",93,91,96,30,129,310,106,241,118,202,178,209,503,336
27세 - 27세,계,"9,364","3,317",218,162,29,35,17,22,67,5,38,108,73,112,255,265,595,687,629,"6,047",259,243,248,80,235,676,225,504,238,494,389,447,"1,208",801
,남,"5,202","1,849",125,88,16,24,11,13,50,1,18,54,43,71,149,145,334,381,326,"3,353",147,153,155,57,130,376,112,262,124,265,202,232,661,477
,여,"4,162","1,468",93,74,13,11,6,9,17,4,20,54,30,41,106,120,261,306,303,"2,694",112,90,93,23,105,300,113,242,114,229,187,215,547,324
28세 - 28세,계,"9,771","3,490",237,164,25,34,23,20,52,15,46,130,86,100,236,279,631,738,674,"6,281",176,266,258,83,256,772,208,491,251,493,456,390,"1,202",979
,남,"5,249","1,801",139,80,10,21,12,12,35,9,19,58,46,52,113,151,345,374,325,"3,448",106,159,160,50,138,417,109,255,146,264,233,172,629,610
,여,"4,522","1,689",98,84,15,13,11,8,17,6,27,72,40,48,123,128,286,364,349,"2,833",70,107,98,33,118,355,99,236,105,229,223,218,573,369
29세 - 29세,계,"10,063","3,508",234,206,26,22,13,13,57,9,48,130,90,105,257,268,635,734,661,"6,555",204,308,290,67,296,753,230,524,273,503,472,480,"1,194",961
,남,"5,586","1,890",137,110,18,14,7,11,44,3,29,65,52,63,128,140,368,374,327,"3,696",116,188,191,47,166,443,136,276,145,281,256,261,627,563
,여,"4,477","1,618",97,96,8,8,6,2,13,6,19,65,38,42,129,128,267,360,334,"2,859",88,120,99,20,130,310,94,248,128,222,216,219,567,398
30세 - 30세,계,"10,169","3,526",217,218,34,23,13,18,59,7,47,141,73,113,268,268,649,737,641,"6,643",206,258,268,74,313,753,206,547,227,491,484,473,"1,289","1,054"
,남,"5,717","1,941",123,119,18,19,9,11,42,6,30,68,43,63,144,141,388,388,329,"3,776",132,149,166,49,184,463,123,291,119,267,251,239,733,610
,여,"4,452","1,585",94,99,16,4,4,7,17,1,17,73,30,50,124,127,261,349,312,"2,867",74,109,102,25,129,290,83,256,108,224,233,234,556,444
31세 - 31세,계,"10,252","3,597",209,172,21,27,10,12,58,11,51,141,84,92,252,286,694,792,685,"6,655",198,263,249,54,290,753,213,478,211,489,500,483,"1,286","1,188"
,남,"5,618","1,954",135,95,11,11,6,8,39,7,26,77,42,66,128,147,417,415,324,"3,664",122,149,161,36,174,462,124,245,112,244,259,218,718,640
,여,"4,634","1,643",74,77,10,16,4,4,19,4,25,64,42,26,124,139,277,377,361,"2,991",76,114,88,18,116,291,89,233,99,245,241,265,568,548
32세 - 32세,계,"10,528","3,527",178,210,30,32,15,13,52,7,47,154,81,102,272,261,596,856,621,"7,001",168,233,242,63,280,728,174,514,235,577,511,528,"1,333","1,415"
,남,"5,765","1,932",93,117,15,22,11,7,32,5,27,74,54,63,171,140,341,435,325,"3,833",106,139,141,44,162,463,110,274,134,299,247,260,714,740
,여,"4,763","1,595",85,93,15,10,4,6,20,2,20,80,27,39,101,121,255,421,296,"3,168",62,94,101,19,118,265,64,240,101,278,264,268,619,675
33세 - 33세,계,"10,477","3,638",197,210,27,32,17,13,40,8,68,190,90,92,287,295,603,889,580,"6,839",176,232,280,62,278,620,161,463,202,537,570,565,"1,242","1,451"
,남,"5,713","2,001",118,118,18,24,10,10,25,5,34,97,45,54,152,161,345,449,336,"3,712",100,126,191,37,163,376,90,228,109,269,303,283,695,742
,여,"4,764","1,637",79,92,9,8,7,3,15,3,34,93,45,38,135,134,258,440,244,"3,127",76,106,89,25,115,244,71,235,93,268,267,282,547,709
34세 - 34세,계,"9,241","3,216",179,191,27,27,5,16,34,4,34,144,63,87,248,257,569,815,516,"6,025",142,224,188,41,241,531,139,363,182,487,535,539,"1,048","1,365"
,남,"4,982","1,752",108,110,13,13,2,12,24,4,19,78,44,53,138,144,307,408,275,"3,230",85,122,110,27,142,332,87,178,103,232,278,236,607,691
,여,"4,259","1,464",71,81,14,14,3,4,10,0,15,66,19,34,110,113,262,407,241,"2,795",57,102,78,14,99,199,52,185,79,255,257,303,441,674
35세 - 35세,계,"9,312","3,051",171,176,24,26,18,17,44,10,41,128,65,68,230,226,544,751,512,"6,261",142,217,218,71,228,517,128,387,169,511,564,587,"1,041","1,481"
,남,"5,048","1,710",94,111,17,14,8,13,29,8,23,75,41,41,142,129,303,392,270,"3,338",87,129,131,53,131,340,70,212,88,263,277,259,569,729
,여,"4,264","1,341",77,65,7,12,10,4,15,2,18,53,24,27,88,97,241,359,242,"2,923",55,88,87,18,97,177,58,175,81,248,287,328,472,752
36세 - 36세,계,"9,245","2,949",157,161,19,24,15,14,32,6,44,129,63,55,227,244,534,756,469,"6,296",152,233,226,55,253,472,132,379,167,552,499,647,969,"1,560"
,남,"5,029","1,602",88,94,11,15,12,10,20,4,29,76,33,25,139,122,289,385,250,"3,427",94,131,150,31,161,288,74,202,97,284,267,309,548,791
,여,"4,216","1,347",69,67,8,9,3,4,12,2,15,53,30,30,88,122,245,371,219,"2,869",58,102,76,24,92,184,58,177,70,268,232,338,421,769
37세 - 37세,계,"9,430","3,009",171,155,23,21,12,17,48,5,41,126,67,67,213,237,539,812,455,"6,421",140,226,214,41,199,431,153,362,166,639,523,702,961,"1,664"
,남,"5,021","1,617",97,84,13,16,6,13,30,3,28,68,34,49,107,122,302,408,237,"3,404",79,116,118,22,131,267,94,184,78,314,259,315,539,888
,여,"4,409","1,392",74,71,10,5,6,4,18,2,13,58,33,18,106,115,237,404,218,"3,017",61,110,96,19,68,164,59,178,88,325,264,387,422,776
38세 - 38세,계,"9,480","2,903",178,153,27,20,6,7,42,4,35,111,68,69,196,240,502,804,441,"6,577",143,231,253,50,184,420,142,368,185,638,527,793,966,"1,677"
,남,"4,992","1,534",93,86,14,6,3,6,19,2,20,70,39,37,115,117,258,409,240,"3,458",83,119,152,32,112,244,73,172,74,297,259,355,549,937
,여,"4,488","1,369",85,67,13,14,3,1,23,2,15,41,29,32,81,123,244,395,201,"3,119",60,112,101,18,72,176,69,196,111,341,268,438,417,740
39세 - 39세,계,"9,714","3,143",193,157,26,18,13,16,59,7,31,109,54,70,211,262,566,881,470,"6,571",166,235,238,52,209,439,141,354,160,698,482,828,871,"1,698"
,남,"5,289","1,693",106,92,13,10,8,10,39,3,23,63,28,42,112,136,296,466,246,"3,596",103,132,144,40,131,274,74,185,85,339,231,398,528,932
,여,"4,425","1,450",87,65,13,8,5,6,20,4,8,46,26,28,99,126,270,415,224,"2,975",63,103,94,12,78,165,67,169,75,359,251,430,343,766
40세 - 40세,계,"9,599","3,154",244,135,20,29,14,14,44,12,42,100,79,62,218,276,531,874,460,"6,445",180,278,263,57,185,423,127,369,176,660,524,848,797,"1,558"
,남,"5,107","1,701",126,75,15,20,7,11,28,7,25,56,46,31,121,130,293,458,252,"3,406",89,143,153,40,111,270,73,173,85,305,259,397,463,845
,여,"4,492","1,453",118,60,5,9,7,3,16,5,17,44,33,31,97,146,238,416,208,"3,039",91,135,110,17,74,153,54,196,91,355,265,451,334,713
41세 - 41세,계,"10,157","3,477",232,134,27,36,12,11,51,13,40,110,82,77,245,323,660,943,481,"6,680",204,299,240,54,230,415,155,386,175,751,507,904,827,"1,533"
,남,"5,332","1,788",108,76,7,23,9,6,30,10,26,67,47,42,140,151,334,471,241,"3,544",125,165,144,34,123,250,90,192,83,357,247,452,456,826
,여,"4,825","1,689",124,58,20,13,3,5,21,3,14,43,35,35,105,172,326,472,240,"3,136",79,134,96,20,107,165,65,194,92,394,260,452,371,707
42세 - 42세,계,"11,580","3,893",272,152,24,33,22,8,54,9,51,134,96,83,244,372,760,"1,078",501,"7,687",243,321,288,76,219,472,177,497,243,906,580,"1,102",857,"1,706"
,남,"6,047","2,003",142,90,13,20,15,6,38,4,33,71,50,42,136,176,391,530,246,"4,044",138,163,164,46,125,293,86,241,109,452,295,516,475,941
,여,"5,533","1,890",130,62,11,13,7,2,16,5,18,63,46,41,108,196,369,548,255,"3,643",105,158,124,30,94,179,91,256,134,454,285,586,382,765
43세 - 43세,계,"12,042","4,197",328,186,26,48,19,24,73,9,47,127,97,104,261,396,829,"1,084",539,"7,845",278,369,334,70,213,439,160,524,236,953,593,"1,088",888,"1,700"
,남,"6,333","2,149",153,109,15,30,10,16,37,7,18,71,64,62,135,189,415,535,283,"4,184",144,218,206,42,110,283,76,234,111,470,286,541,491,972
,여,"5,709","2,048",175,77,11,18,9,8,36,2,29,56,33,42,126,207,414,549,256,"3,661",134,151,128,28,103,156,84,290,125,483,307,547,397,728
44세 - 44세,계,"12,101","4,246",320,166,34,46,29,18,72,9,53,127,92,109,239,415,835,"1,140",542,"7,855",290,380,330,77,252,442,159,572,263,983,615,"1,060",884,"1,548"
,남,"6,459","2,206",189,82,18,26,15,12,45,5,32,60,56,68,130,195,432,559,282,"4,253",163,206,196,55,139,271,80,272,121,498,304,567,459,922
,여,"5,642","2,040",131,84,16,20,14,6,27,4,21,67,36,41,109,220,403,581,260,"3,602",127,174,134,22,113,171,79,300,142,485,311,493,425,626
45세 - 45세,계,"11,940","4,323",328,160,34,52,31,17,66,8,55,134,112,98,293,429,908,"1,113",485,"7,617",297,390,388,84,253,411,174,557,231,892,674,998,820,"1,448"
,남,"6,267","2,182",174,94,19,28,23,11,40,5,32,65,71,49,161,192,445,522,251,"4,085",171,212,211,50,145,237,82,261,110,465,307,532,457,845
,여,"5,673","2,141",154,66,15,24,8,6,26,3,23,69,41,49,132,237,463,591,234,"3,532",126,178,177,34,108,174,92,296,121,427,367,466,363,603
46세 - 46세,계,"10,826","4,115",358,166,47,36,17,17,64,9,49,135,87,116,227,436,840,"1,033",478,"6,711",278,396,334,85,230,328,177,540,265,812,566,842,761,"1,097"
,남,"5,708","2,107",187,97,29,23,11,10,39,6,30,64,51,66,113,214,411,494,262,"3,601",163,220,192,58,125,200,85,249,128,442,281,431,412,615
,여,"5,118","2,008",171,69,18,13,6,7,25,3,19,71,36,50,114,222,429,539,216,"3,110",115,176,142,27,105,128,92,291,137,370,285,411,349,482
47세 - 47세,계,"10,512","3,966",382,128,30,37,26,15,73,20,47,122,96,116,275,386,804,952,457,"6,546",307,392,333,98,242,361,139,516,263,763,565,760,763,"1,044"
,남,"5,571","2,092",187,74,17,24,13,12,45,15,34,72,48,62,161,205,419,481,223,"3,479",160,214,196,55,134,230,71,234,119,399,271,404,397,595
,여,"4,941","1,874",195,54,13,13,13,3,28,5,13,50,48,54,114,181,385,471,234,"3,067",147,178,137,43,108,131,68,282,144,364,294,356,366,449
48세 - 48세,계,"10,423","3,972",345,141,37,42,23,22,56,14,62,127,87,103,257,438,784,981,453,"6,451",306,367,343,92,259,341,170,562,260,730,578,690,820,933
,남,"5,472","2,072",177,70,18,24,15,18,37,13,36,63,50,56,137,215,406,517,220,"3,400",180,205,186,58,140,209,98,288,130,371,289,323,398,525
,여,"4,951","1,900",168,71,19,18,8,4,19,1,26,64,37,47,120,223,378,464,233,"3,051",126,162,157,34,119,132,72,274,130,359,289,367,422,408
49세 - 49세,계,"10,234","4,006",398,134,44,46,35,30,86,15,41,106,118,122,239,426,770,932,464,"6,228",316,377,335,84,241,294,165,546,289,694,617,672,735,863
,남,"5,157","2,015",202,72,26,20,20,24,50,12,23,50,71,66,123,211,386,429,230,"3,142",197,194,194,46,134,181,83,255,121,330,252,353,346,456
,여,"5,077","1,991",196,62,18,26,15,6,36,3,18,56,47,56,116,215,384,503,234,"3,086",119,183,141,38,107,113,82,291,168,364,365,319,389,407
50세 - 50세,계,"11,005","4,408",442,141,43,46,32,24,79,17,68,121,116,133,300,448,866,1023,509,"6,597",381,429,338,100,241,337,195,644,310,730,636,658,774,824
,남,"5,524","2,263",231,79,20,31,22,17,44,14,35,62,71,72,144,225,445,506,245,"3,261",209,222,190,63,122,189,94,273,140,360,275,340,376,408
,여,"5,481","2,145",211,62,23,15,10,7,35,3,33,59,45,61,156,223,421,517,264,"3,336",172,207,148,37,119,148,101,371,170,370,361,318,398,416
51세 - 51세,계,"11,719","4,771",476,146,50,62,33,33,82,27,83,118,137,148,335,476,919,"1,076",570,"6,948",400,420,389,113,319,332,193,664,320,745,636,643,877,897
,남,"5,999","2,444",254,76,30,37,16,24,50,17,45,56,75,71,171,223,476,542,281,"3,555",217,234,227,63,181,190,106,294,141,373,299,331,413,486
,여,"5,720","2,327",222,70,20,25,17,9,32,10,38,62,62,77,164,253,443,534,289,"3,393",183,186,162,50,138,142,87,370,179,372,337,312,464,411
52세 - 52세,계,"11,521","4,667",491,171,55,66,36,24,88,28,79,120,118,154,323,464,850,"1,074",526,"6,854",420,470,388,122,287,359,209,663,281,705,659,570,878,843
,남,"5,962","2,408",246,97,27,38,26,15,52,20,47,66,54,79,174,241,461,512,253,"3,554",222,271,235,67,159,201,103,296,118,368,316,302,450,446
,여,"5,559","2,259",245,74,28,28,10,9,36,8,32,54,64,75,149,223,389,562,273,"3,300",198,199,153,55,128,158,106,367,163,337,343,268,428,397
53세 - 53세,계,"11,372","4,583",517,177,61,71,50,24,100,13,55,146,143,154,308,458,802,955,549,"6,789",434,451,390,137,335,363,198,705,330,762,599,508,807,770
,남,"5,812","2,360",271,92,30,34,28,16,58,6,33,84,72,79,149,246,396,493,273,"3,452",251,234,222,78,186,211,90,318,161,360,287,262,392,400
,여,"5,560","2,223",246,85,31,37,22,8,42,7,22,62,71,75,159,212,406,462,276,"3,337",183,217,168,59,149,152,108,387,169,402,312,246,415,370
54세 - 54세,계,"11,938","4,896",551,169,66,67,47,31,127,28,98,99,135,171,332,435,853,"1,086",601,"7,042",460,464,403,167,349,380,207,714,389,663,643,534,898,771
,남,"6,180","2,511",289,92,34,36,27,21,72,17,63,46,71,94,179,214,421,542,293,"3,669",256,243,236,104,171,211,98,358,181,342,326,286,459,398
,여,"5,758","2,385",262,77,32,31,20,10,55,11,35,53,64,77,153,221,432,544,308,"3,373",204,221,167,63,178,169,109,356,208,321,317,248,439,373
55세 - 55세,계,"11,230","4,607",461,157,86,77,52,33,132,24,80,126,137,160,304,417,764,"1,015",582,"6,623",387,464,348,152,350,360,227,680,347,658,575,482,879,714
,남,"5,713","2,345",265,83,57,41,29,20,69,14,53,71,72,81,152,232,393,457,256,"3,368",197,274,177,93,199,202,97,315,162,310,296,250,423,373
,여,"5,517","2,262",196,74,29,36,23,13,63,10,27,55,65,79,152,185,371,558,326,"3,255",190,190,171,59,151,158,130,365,185,348,279,232,456,341
56세 - 56세,계,"11,858","4,910",516,171,67,84,65,49,110,34,93,144,161,206,339,452,803,982,634,"6,948",451,445,421,175,374,395,245,745,378,680,543,450,901,745
,남,"5,995","2,485",275,93,32,57,33,32,62,22,56,66,80,111,170,197,395,514,290,"3,510",238,243,225,97,206,212,114,343,160,332,270,229,468,373
,여,"5,863","2,425",241,78,35,27,32,17,48,12,37,78,81,95,169,255,408,468,344,"3,438",213,202,196,78,168,183,131,402,218,348,273,221,433,372
57세 - 57세,계,"10,693","4,466",491,170,87,88,50,37,113,43,92,114,147,196,299,430,682,865,562,"6,227",423,393,345,194,308,365,211,632,345,655,503,364,828,661
,남,"5,386","2,227",248,71,41,51,27,21,64,22,57,51,66,94,155,208,323,446,282,"3,159",237,203,200,102,177,207,102,281,164,319,241,186,392,348
,여,"5,307","2,239",243,99,46,37,23,16,49,21,35,63,81,102,144,222,359,419,280,"3,068",186,190,145,92,131,158,109,351,181,336,262,178,436,313
58세 - 58세,계,"10,185","4,443",479,171,82,78,53,42,132,48,84,100,156,180,330,419,649,854,586,"5,742",418,380,367,174,304,355,242,605,321,544,419,327,672,614
,남,"5,145","2,241",242,70,38,38,35,21,78,28,59,52,88,99,179,207,315,434,258,"2,904",239,210,190,99,144,214,121,261,143,283,203,165,318,314
,여,"5,040","2,202",237,101,44,40,18,21,54,20,25,48,68,81,151,212,334,420,328,"2,838",179,170,177,75,160,141,121,344,178,261,216,162,354,300
59세 - 59세,계,"9,308","4,055",411,168,88,107,57,37,117,35,86,105,166,155,282,337,623,767,514,"5,253",402,366,343,192,296,295,176,597,293,467,367,260,656,543
,남,"4,790","2,079",232,94,47,65,34,26,60,21,47,50,88,79,145,154,314,397,226,"2,711",217,204,179,114,158,180,82,297,132,224,173,126,338,287
,여,"4,518","1,976",179,74,41,42,23,11,57,14,39,55,78,76,137,183,309,370,288,"2,542",185,162,164,78,138,115,94,300,161,243,194,134,318,256
60세 - 60세,계,"10,299","4,554",455,167,102,115,63,51,132,54,95,116,163,189,300,443,642,881,586,"5,745",445,394,354,183,293,355,263,678,324,533,429,292,668,534
,남,"5,239","2,304",246,87,56,56,41,32,82,28,53,70,90,93,148,213,309,430,270,"2,935",236,217,194,105,154,175,113,314,163,278,233,147,353,253
,여,"5,060","2,250",209,80,46,59,22,19,50,26,42,46,73,96,152,230,333,451,316,"2,810",209,177,160,78,139,180,150,364,161,255,196,145,315,281
61세 - 61세,계,"8,463","3,729",361,151,85,93,57,50,115,57,86,85,138,151,215,358,533,703,491,"4,734",348,360,339,151,291,290,205,516,298,429,330,205,534,438
,남,"4,303","1,855",182,82,35,47,29,31,56,36,49,41,70,81,109,191,264,333,219,"2,448",187,199,190,77,146,166,86,255,146,224,179,105,264,224
,여,"4,160","1,874",179,69,50,46,28,19,59,21,37,44,68,70,106,167,269,370,272,"2,286",161,161,149,74,145,124,119,261,152,205,151,100,270,214
62세 - 62세,계,"9,848","4,453",446,195,129,105,70,48,142,66,94,110,188,168,282,393,616,822,579,"5,395",406,381,354,225,324,345,238,560,324,454,389,247,630,518
,남,"5,103","2,310",242,95,67,51,37,28,73,44,52,60,109,89,156,187,308,418,294,"2,793",217,201,189,115,183,185,121,278,158,230,193,145,305,273
,여,"4,745","2,143",204,100,62,54,33,20,69,22,42,50,79,79,126,206,308,404,285,"2,602",189,180,165,110,141,160,117,282,166,224,196,102,325,245
63세 - 63세,계,"8,941","4,192",401,168,124,113,80,63,137,66,112,103,186,185,267,370,524,719,574,"4,749",432,317,322,155,315,290,222,524,284,400,291,180,554,463
,남,"4,662","2,080",213,82,71,63,47,34,70,37,55,60,89,78,121,182,277,343,258,"2,582",251,165,170,93,170,149,105,290,151,204,165,104,307,258
,여,"4,279","2,112",188,86,53,50,33,29,67,29,57,43,97,107,146,188,247,376,316,"2,167",181,152,152,62,145,141,117,234,133,196,126,76,247,205
64세 - 64세,계,"10,689","5,144",523,220,149,158,113,75,172,74,154,125,203,241,345,394,626,877,695,"5,545",518,435,367,218,359,382,298,578,332,478,306,233,554,487
,남,"5,468","2,621",263,102,80,77,54,41,83,36,83,59,93,130,187,215,320,444,354,"2,847",257,229,196,121,178,207,131,275,168,241,162,132,296,254
,여,"5,221","2,523",260,118,69,81,59,34,89,38,71,66,110,111,158,179,306,433,341,"2,698",261,206,171,97,181,175,167,303,164,237,144,101,258,233
65세 - 65세,계,"9,477","4,477",445,208,156,140,77,56,144,62,115,120,190,208,312,384,525,756,579,"5,000",541,341,356,212,330,350,260,503,270,397,288,169,539,444
,남,"4,748","2,243",237,103,83,79,42,35,69,38,54,60,106,99,145,189,266,357,281,"2,505",284,169,188,104,169,181,106,271,127,195,135,80,270,226
,여,"4,729","2,234",208,105,73,61,35,21,75,24,61,60,84,109,167,195,259,399,298,"2,495",257,172,168,108,161,169,154,232,143,202,153,89,269,218
66세 - 66세,계,"8,048","3,888",383,178,104,128,81,57,135,65,114,100,154,202,269,315,444,667,492,"4,160",436,350,252,198,290,288,221,439,280,341,199,124,409,333
,남,"3,983","1,926",179,77,52,78,48,30,76,40,52,49,80,95,134,159,226,315,236,"2,057",203,176,140,106,150,145,94,227,143,150,117,73,196,137
,여,"4,065","1,962",204,101,52,50,33,27,59,25,62,51,74,107,135,156,218,352,256,"2,103",233,174,112,92,140,143,127,212,137,191,82,51,213,196
67세 - 67세,계,"7,110","3,466",332,156,108,104,87,62,133,47,94,93,126,175,265,262,392,559,471,"3,644",409,273,253,162,301,244,219,367,203,297,184,113,335,284
,남,"3,590","1,725",169,88,65,48,46,28,70,24,48,49,45,85,139,133,174,277,237,"1,865",206,138,145,96,158,128,109,180,95,156,88,51,168,147
,여,"3,520","1,741",163,68,43,56,41,34,63,23,46,44,81,90,126,129,218,282,234,"1,779",203,135,108,66,143,116,110,187,108,141,96,62,167,137
68세 - 68세,계,"6,433","3,173",325,130,91,115,70,54,103,47,89,89,146,160,236,268,323,552,375,"3,260",378,227,228,155,224,252,201,294,220,270,130,115,321,245
,남,"3,244","1,595",170,63,48,53,40,34,59,24,48,45,73,80,126,134,155,267,176,"1,649",191,123,114,83,119,144,105,136,100,122,60,54,162,136
,여,"3,189","1,578",155,67,43,62,30,20,44,23,41,44,73,80,110,134,168,285,199,"1,611",187,104,114,72,105,108,96,158,120,148,70,61,159,109
69세 - 69세,계,"6,127","3,056",262,135,103,111,73,65,134,37,105,79,125,146,204,242,330,507,398,"3,071",382,272,222,158,192,227,179,283,186,244,121,88,288,229
,남,"3,047","1,504",133,79,50,46,45,37,69,20,48,39,66,77,93,120,157,244,181,"1,543",194,147,108,76,96,131,85,135,81,119,69,37,139,126
,여,"3,080","1,552",129,56,53,65,28,28,65,17,57,40,59,69,111,122,173,263,217,"1,528",188,125,114,82,96,96,94,148,105,125,52,51,149,103
70세 - 70세,계,"6,166","3,103",289,126,124,93,81,46,124,59,100,81,160,169,227,210,303,512,399,"3,063",392,225,223,163,227,213,169,298,163,214,126,112,295,243
,남,"2,941","1,493",127,74,61,50,42,24,69,31,49,44,76,68,106,93,146,240,193,"1,448",170,110,108,80,107,94,84,138,73,115,61,41,144,123
,여,"3,225","1,610",162,52,63,43,39,22,55,28,51,37,84,101,121,117,157,272,206,"1,615",222,115,115,83,120,119,85,160,90,99,65,71,151,120
71세 - 71세,계,"4,593","2,387",238,95,73,79,61,37,88,48,74,54,126,126,144,199,234,402,309,"2,206",278,170,175,139,173,153,125,189,144,146,110,63,194,147
,남,"2,208","1,163",121,49,35,38,29,14,44,27,37,28,50,65,65,114,114,196,137,"1,045",135,93,81,70,78,72,56,92,77,57,54,26,92,62
,여,"2,385","1,224",117,46,38,41,32,23,44,21,37,26,76,61,79,85,120,206,172,"1,161",143,77,94,69,95,81,69,97,67,89,56,37,102,85
72세 - 72세,계,"4,217","2,134",232,72,79,77,55,38,73,40,80,63,87,110,145,176,199,349,259,"2,083",266,202,165,120,149,134,128,184,131,147,81,49,179,148
,남,"2,078","1,062",118,41,46,39,29,20,36,23,40,27,40,50,68,87,88,181,129,"1,016",124,102,81,64,79,72,60,82,64,75,40,22,79,72
,여,"2,139","1,072",114,31,33,38,26,18,37,17,40,36,47,60,77,89,111,168,130,"1,067",142,100,84,56,70,62,68,102,67,72,41,27,100,76
73세 - 73세,계,"4,536","2,314",205,106,88,72,71,32,97,53,86,53,105,145,131,172,230,367,301,"2,222",297,197,172,122,156,166,123,213,134,158,94,66,186,138
,남,"2,186","1,117",98,54,41,34,34,18,58,31,42,20,50,70,64,74,92,184,153,"1,069",138,101,82,60,75,73,64,94,52,82,47,39,90,72
,여,"2,350","1,197",107,52,47,38,37,14,39,22,44,33,55,75,67,98,138,183,148,"1,153",159,96,90,62,81,93,59,119,82,76,47,27,96,66
74세 - 74세,계,"3,205","1,646",161,77,56,42,40,36,76,34,51,36,82,77,128,113,178,255,204,"1,559",255,117,104,82,124,89,90,144,110,95,63,41,142,103
,남,"1,504",776,78,44,29,19,24,19,41,20,26,17,38,37,56,47,81,112,88,728,122,52,48,36,56,37,56,56,50,49,28,21,62,55
,여,"1,701",870,83,33,27,23,16,17,35,14,25,19,44,40,72,66,97,143,116,831,133,65,56,46,68,52,34,88,60,46,35,20,80,48
75세 - 75세,계,"3,636","1,925",162,79,74,65,55,34,79,34,69,56,91,114,113,154,187,296,263,"1,711",237,173,109,87,138,115,106,156,107,104,48,52,183,96
,남,"1,647",889,65,42,32,36,21,17,49,19,28,22,37,60,49,79,65,145,123,758,94,79,54,39,67,41,52,63,48,42,21,30,84,44
,여,"1,989","1,036",97,37,42,29,34,17,30,15,41,34,54,54,64,75,122,151,140,953,143,94,55,48,71,74,54,93,59,62,27,22,99,52
76세 - 76세,계,"3,489","1,775",189,71,60,56,57,32,62,38,71,44,99,94,114,133,167,245,243,"1,714",262,122,122,103,132,119,79,132,110,101,79,45,189,119
,남,"1,601",833,88,39,27,23,32,15,24,19,36,19,54,46,56,61,65,119,110,768,117,68,52,47,52,55,32,58,45,46,35,20,82,59
,여,"1,888",942,101,32,33,33,25,17,38,19,35,25,45,48,58,72,102,126,133,946,145,54,70,56,80,64,47,74,65,55,44,25,107,60
77세 - 77세,계,"3,224","1,630",174,59,65,59,42,34,60,33,55,42,76,102,128,121,152,224,204,"1,594",264,136,125,89,116,104,78,137,110,107,58,37,142,91
,남,"1,498",756,76,26,35,33,22,19,23,14,19,18,38,43,60,50,78,98,104,742,123,54,66,49,41,52,39,71,37,58,25,15,71,41
,여,"1,726",874,98,33,30,26,20,15,37,19,36,24,38,59,68,71,74,126,100,852,141,82,59,40,75,52,39,66,73,49,33,22,71,50
78세 - 78세,계,"3,185","1,615",168,61,46,46,46,31,71,33,69,45,95,99,115,150,147,222,171,"1,570",263,141,121,83,109,115,92,135,85,103,47,36,142,98
,남,"1,429",713,69,28,19,26,24,14,29,15,33,16,46,35,53,53,64,101,88,716,129,66,46,37,56,54,41,55,40,42,24,16,65,45
,여,"1,756",902,99,33,27,20,22,17,42,18,36,29,49,64,62,97,83,121,83,854,134,75,75,46,53,61,51,80,45,61,23,20,77,53
79세 - 79세,계,"2,041","1,032",117,24,41,41,27,17,54,24,54,24,44,57,68,80,86,147,127,1009,168,88,97,62,81,62,39,89,69,62,33,26,75,58
,남,936,479,53,12,18,22,9,10,22,16,28,10,17,28,29,33,44,71,57,457,79,45,37,27,37,35,14,37,30,28,21,12,31,24
,여,"1,105",553,64,12,23,19,18,7,32,8,26,14,27,29,39,47,42,76,70,552,89,43,60,35,44,27,25,52,39,34,12,14,44,34
80세 - 80세,계,"2,325","1,213",141,39,46,49,30,31,36,28,51,35,50,75,79,101,110,188,124,"1,112",167,97,89,72,88,66,54,89,89,71,39,22,109,60
,남,986,541,62,19,30,25,16,11,19,13,16,13,20,31,29,49,43,77,68,445,69,40,36,28,48,28,16,34,31,28,15,7,45,20
,여,"1,339",672,79,20,16,24,14,20,17,15,35,22,30,44,50,52,67,111,56,667,98,57,53,44,40,38,38,55,58,43,24,15,64,40
81세 - 81세,계,"2,268","1,197",134,55,46,36,39,25,44,27,53,31,54,93,70,82,105,174,129,"1,071",150,78,92,73,94,70,61,95,71,58,41,18,118,52
,남,926,496,56,26,21,15,12,10,16,13,20,9,25,46,26,41,43,65,52,430,65,32,39,26,44,28,28,33,21,23,18,8,49,16
,여,"1,342",701,78,29,25,21,27,15,28,14,33,22,29,47,44,41,62,109,77,641,85,46,53,47,50,42,33,62,50,35,23,10,69,36
82세 - 82세,계,"2,441","1,247",146,57,33,49,32,34,54,34,43,23,57,80,75,89,117,184,140,"1,194",199,92,113,72,93,80,51,101,71,71,32,25,121,73
,남,935,478,55,21,8,21,13,7,10,13,20,11,23,28,28,44,46,73,57,457,82,39,40,29,37,28,18,40,18,31,12,8,46,29
,여,"1,506",769,91,36,25,28,19,27,44,21,23,12,34,52,47,45,71,111,83,737,117,53,73,43,56,52,33,61,53,40,20,17,75,44
83세 - 83세,계,"2,395","1,214",136,50,50,24,44,29,56,34,46,24,63,87,86,94,109,167,115,"1,181",209,92,88,74,85,61,65,95,85,66,50,27,108,76
,남,909,453,55,17,19,6,20,8,22,11,23,9,30,33,31,29,41,51,48,456,79,37,38,27,36,21,24,33,24,37,19,9,49,23
,여,"1,486",761,81,33,31,18,24,21,34,23,23,15,33,54,55,65,68,116,67,725,130,55,50,47,49,40,41,62,61,29,31,18,59,53
84세 - 84세,계,"1,836",961,90,42,36,34,30,19,41,27,35,20,43,59,68,81,107,130,99,875,152,83,72,69,58,54,38,57,60,47,30,20,79,56
,남,657,365,33,19,15,14,18,8,17,9,10,6,10,22,25,39,30,49,41,292,52,27,22,26,23,20,9,24,22,12,7,4,26,18
,여,"1,179",596,57,23,21,20,12,11,24,18,25,14,33,37,43,42,77,81,58,583,100,56,50,43,35,34,29,33,38,35,23,16,53,38
85세 - 85세,계,"1,673",855,88,23,39,26,27,30,44,27,47,19,32,72,52,67,85,101,76,818,132,72,73,54,50,50,43,76,53,46,37,19,65,48
,남,615,326,31,12,13,11,11,14,18,8,16,10,11,29,17,25,27,37,36,289,50,31,27,17,21,17,15,25,14,13,11,4,31,13
,여,"1,058",529,57,11,26,15,16,16,26,19,31,9,21,43,35,42,58,64,40,529,82,41,46,37,29,33,28,51,39,33,26,15,34,35
86세 - 86세,계,"1,678",853,98,37,41,36,28,22,45,22,32,18,30,55,49,60,62,118,100,825,140,55,90,63,52,37,42,87,53,51,27,13,78,37
,남,546,286,29,9,12,17,8,7,12,7,11,7,13,17,12,25,17,46,37,260,48,13,26,21,23,12,14,27,8,13,11,4,28,12
,여,"1,132",567,69,28,29,19,20,15,33,15,21,11,17,38,37,35,45,72,63,565,92,42,64,42,29,25,28,60,45,38,16,9,50,25
87세 - 87세,계,"1,381",736,101,34,24,33,21,26,34,25,22,14,31,52,25,34,86,92,82,645,129,66,58,41,48,28,25,35,45,34,22,20,56,38
,남,456,239,26,13,3,9,6,7,13,7,9,7,13,20,8,8,22,31,37,217,49,21,22,10,15,12,9,12,10,13,12,4,17,11
,여,925,497,75,21,21,24,15,19,21,18,13,7,18,32,17,26,64,61,45,428,80,45,36,31,33,16,16,23,35,21,10,16,39,27
88세 - 88세,계,"1,223",632,74,28,29,23,21,22,28,15,23,11,32,46,37,47,50,69,77,591,93,51,49,42,39,22,38,48,53,34,16,17,49,40
,남,362,189,22,9,12,8,5,5,8,4,6,3,5,17,9,15,12,15,34,173,33,17,12,13,9,5,15,11,16,7,2,6,15,12
,여,861,443,52,19,17,15,16,17,20,11,17,8,27,29,28,32,38,54,43,418,60,34,37,29,30,17,23,37,37,27,14,11,34,28
89세 - 89세,계,"1,042",565,74,30,26,33,22,13,32,14,10,11,26,28,36,40,37,76,57,477,80,35,54,37,37,19,20,36,28,34,16,10,37,34
,남,277,154,20,5,5,11,5,5,12,5,4,0,10,6,9,15,4,19,19,123,20,11,18,14,8,3,5,8,5,7,5,1,11,7
,여,765,411,54,25,21,22,17,8,20,9,6,11,16,22,27,25,33,57,38,354,60,24,36,23,29,16,15,28,23,27,11,9,26,27
90세 - 90세,계,848,451,44,25,26,22,16,15,27,15,12,14,21,22,29,21,31,65,46,397,69,31,25,21,23,21,12,42,30,31,12,7,43,30
,남,232,129,14,6,9,4,5,6,9,6,5,2,3,8,7,6,9,20,10,103,19,7,11,7,7,3,4,15,3,6,5,1,11,4
,여,616,322,30,19,17,18,11,9,18,9,7,12,18,14,22,15,22,45,36,294,50,24,14,14,16,18,8,27,27,25,7,6,32,26
91세 - 91세,계,684,360,44,15,17,14,12,6,21,17,11,4,18,28,11,22,31,49,40,324,54,33,25,27,22,15,21,29,15,21,8,7,26,21
,남,170,97,13,2,5,1,3,3,5,7,4,0,2,14,1,4,4,12,17,73,13,6,6,7,7,1,4,9,3,4,3,1,8,1
,여,514,263,31,13,12,13,9,3,16,10,7,4,16,14,10,18,27,37,23,251,41,27,19,20,15,14,17,20,12,17,5,6,18,20
92세 - 92세,계,503,271,52,16,15,7,11,4,13,6,3,7,13,9,16,11,35,30,23,232,42,20,22,16,8,19,9,21,19,13,5,3,22,13
,남,107,58,14,1,4,3,1,1,2,1,1,4,2,3,5,6,3,4,3,49,9,2,4,4,3,4,1,3,5,2,0,1,8,3
,여,396,213,38,15,11,4,10,3,11,5,2,3,11,6,11,5,32,26,20,183,33,18,18,12,5,15,8,18,14,11,5,2,14,10
93세 - 93세,계,403,205,28,11,13,7,8,4,13,5,6,4,8,14,13,15,12,30,14,198,36,16,14,9,14,11,18,17,13,11,8,3,14,14
,남,77,38,3,3,1,1,1,0,4,0,2,0,0,2,3,3,2,10,3,39,8,2,5,0,2,1,7,6,2,2,1,0,3,0
,여,326,167,25,8,12,6,7,4,9,5,4,4,8,12,10,12,10,20,11,159,28,14,9,9,12,10,11,11,11,9,7,3,11,14
94세 - 94세,계,241,137,9,10,10,9,12,4,8,3,7,3,8,4,4,7,12,15,12,104,15,8,4,10,8,6,3,11,8,5,4,1,12,9
,남,35,24,3,2,1,1,1,0,1,1,0,1,3,0,0,2,3,4,1,11,2,0,0,3,1,0,0,2,0,1,0,0,1,1
,여,206,113,6,8,9,8,11,4,7,2,7,2,5,4,4,5,9,11,11,93,13,8,4,7,7,6,3,9,8,4,4,1,11,8
95세 - 95세,계,165,90,7,5,6,4,3,1,2,5,4,1,5,7,4,5,6,12,13,75,8,7,4,5,4,5,7,10,3,4,4,3,7,4
,남,37,21,1,0,1,2,2,0,1,0,2,0,2,4,1,0,2,2,1,16,2,1,0,1,3,1,1,3,1,2,1,0,0,0
,여,128,69,6,5,5,2,1,1,1,5,2,1,3,3,3,5,4,10,12,59,6,6,4,4,1,4,6,7,2,2,3,3,7,4
96세 - 96세,계,165,88,8,7,3,6,2,3,9,2,2,2,2,3,8,8,6,11,6,77,12,4,5,6,5,2,6,7,7,9,4,3,2,5
,남,34,19,0,2,0,3,0,0,3,0,0,1,1,0,2,2,1,1,3,15,2,1,0,4,1,0,0,2,2,0,1,2,0,0
,여,131,69,8,5,3,3,2,3,6,2,2,1,1,3,6,6,5,10,3,62,10,3,5,2,4,2,6,5,5,9,3,1,2,5
97세 - 97세,계,108,50,5,3,2,1,1,0,3,1,2,0,3,3,3,5,8,7,3,58,12,2,3,7,3,1,7,7,7,3,1,1,2,2
,남,17,9,0,1,0,0,0,0,0,0,1,0,0,1,0,1,3,1,1,8,1,1,1,2,0,0,1,1,1,0,0,0,0,0
,여,91,41,5,2,2,1,1,0,3,1,1,0,3,2,3,4,5,6,2,50,11,1,2,5,3,1,6,6,6,3,1,1,2,2
98세 - 98세,계,66,37,5,1,2,4,0,1,2,2,0,0,0,1,1,4,3,7,4,29,3,1,2,1,3,4,3,2,4,1,0,1,2,2
,남,12,4,1,0,0,0,0,0,0,0,0,0,0,0,0,1,0,1,1,8,1,0,0,0,1,0,2,1,2,0,0,0,1,0
,여,54,33,4,1,2,4,0,1,2,2,0,0,0,1,1,3,3,6,3,21,2,1,2,1,2,4,1,1,2,1,0,1,1,2
99세 - 99세,계,25,19,2,0,1,1,1,0,0,0,0,1,1,1,0,2,3,5,1,6,1,0,2,0,0,0,0,0,1,0,0,0,2,0
,남,5,4,0,0,0,1,0,0,0,0,0,0,0,1,0,0,0,2,0,1,0,0,0,0,0,0,0,0,0,0,0,0,1,0
,여,20,15,2,0,1,0,1,0,0,0,0,1,1,0,0,2,3,3,1,5,1,0,2,0,0,0,0,0,1,0,0,0,1,0
100세 - 100세,계,22,11,5,1,2,0,0,0,1,1,0,0,0,0,0,0,0,1,0,11,1,2,1,0,1,1,0,1,2,0,1,0,1,0
,남,3,1,1,0,0,0,0,0,0,0,0,0,0,0,0,0,0,0,0,2,0,1,0,0,0,0,0,0,1,0,0,0,0,0
,여,19,10,4,1,2,0,0,0,1,1,0,0,0,0,0,0,0,1,0,9,1,1,1,0,1,1,0,1,1,0,1,0,1,0
101세 - 101세,계,17,12,0,1,0,2,0,0,0,1,1,0,0,0,1,3,1,0,2,5,1,1,1,0,0,1,0,0,0,0,0,1,0,0
,남,4,3,0,0,0,0,0,0,0,0,0,0,0,0,0,2,0,0,1,1,0,0,1,0,0,0,0,0,0,0,0,0,0,0
,여,13,9,0,1,0,2,0,0,0,1,1,0,0,0,1,1,1,0,1,4,1,1,0,0,0,1,0,0,0,0,0,1,0,0
102세 - 102세,계,13,6,2,0,0,0,0,0,0,1,0,0,0,0,0,0,2,0,1,7,3,0,0,1,0,1,2,0,0,0,0,0,0,0
,남,3,1,1,0,0,0,0,0,0,0,0,0,0,0,0,0,0,0,0,2,1,0,0,0,0,0,1,0,0,0,0,0,0,0
,여,10,5,1,0,0,0,0,0,0,1,0,0,0,0,0,0,2,0,1,5,2,0,0,1,0,1,1,0,0,0,0,0,0,0
103세 - 103세,계,5,3,1,0,0,0,0,0,0,0,0,0,0,0,0,1,1,0,0,2,0,0,0,0,0,0,0,0,1,0,1,0,0,0
,남,0,0,0,0,0,0,0,0,0,0,0,0,0,0,0,0,0,0,0,0,0,0,0,0,0,0,0,0,0,0,0,0,0,0
,여,5,3,1,0,0,0,0,0,0,0,0,0,0,0,0,1,1,0,0,2,0,0,0,0,0,0,0,0,1,0,1,0,0,0
104세 - 104세,계,8,3,0,0,0,0,0,0,0,0,0,0,0,0,0,1,1,0,1,5,2,1,0,0,1,0,0,0,0,0,0,0,0,1
,남,1,0,0,0,0,0,0,0,0,0,0,0,0,0,0,0,0,0,0,1,0,1,0,0,0,0,0,0,0,0,0,0,0,0
,여,7,3,0,0,0,0,0,0,0,0,0,0,0,0,0,1,1,0,1,4,2,0,0,0,1,0,0,0,0,0,0,0,0,1
105세 - 105세,계,2,2,0,0,0,0,0,0,0,0,0,0,0,0,0,0,0,2,0,0,0,0,0,0,0,0,0,0,0,0,0,0,0,0
,남,1,1,0,0,0,0,0,0,0,0,0,0,0,0,0,0,0,1,0,0,0,0,0,0,0,0,0,0,0,0,0,0,0,0
,여,1,1,0,0,0,0,0,0,0,0,0,0,0,0,0,0,0,1,0,0,0,0,0,0,0,0,0,0,0,0,0,0,0,0
106세 - 106세,계,3,2,0,0,0,0,0,0,0,0,0,0,0,0,0,0,1,0,1,1,0,0,0,0,0,1,0,0,0,0,0,0,0,0
,남,0,0,0,0,0,0,0,0,0,0,0,0,0,0,0,0,0,0,0,0,0,0,0,0,0,0,0,0,0,0,0,0,0,0
,여,3,2,0,0,0,0,0,0,0,0,0,0,0,0,0,0,1,0,1,1,0,0,0,0,0,1,0,0,0,0,0,0,0,0
107세 - 107세,계,0,0,0,0,0,0,0,0,0,0,0,0,0,0,0,0,0,0,0,0,0,0,0,0,0,0,0,0,0,0,0,0,0,0
,남,0,0,0,0,0,0,0,0,0,0,0,0,0,0,0,0,0,0,0,0,0,0,0,0,0,0,0,0,0,0,0,0,0,0
,여,0,0,0,0,0,0,0,0,0,0,0,0,0,0,0,0,0,0,0,0,0,0,0,0,0,0,0,0,0,0,0,0,0,0
108세 - 108세,계,1,1,0,0,0,0,0,0,0,0,0,0,0,0,0,0,1,0,0,0,0,0,0,0,0,0,0,0,0,0,0,0,0,0
,남,1,1,0,0,0,0,0,0,0,0,0,0,0,0,0,0,1,0,0,0,0,0,0,0,0,0,0,0,0,0,0,0,0,0
,여,0,0,0,0,0,0,0,0,0,0,0,0,0,0,0,0,0,0,0,0,0,0,0,0,0,0,0,0,0,0,0,0,0,0
109세 - 109세,계,1,0,0,0,0,0,0,0,0,0,0,0,0,0,0,0,0,0,0,1,0,0,0,0,0,0,0,0,0,0,0,0,1,0
,남,0,0,0,0,0,0,0,0,0,0,0,0,0,0,0,0,0,0,0,0,0,0,0,0,0,0,0,0,0,0,0,0,0,0
,여,1,0,0,0,0,0,0,0,0,0,0,0,0,0,0,0,0,0,0,1,0,0,0,0,0,0,0,0,0,0,0,0,1,0
110세 이상,계,0,0,0,0,0,0,0,0,0,0,0,0,0,0,0,0,0,0,0,0,0,0,0,0,0,0,0,0,0,0,0,0,0,0
,남,0,0,0,0,0,0,0,0,0,0,0,0,0,0,0,0,0,0,0,0,0,0,0,0,0,0,0,0,0,0,0,0,0,0
,여,0,0,0,0,0,0,0,0,0,0,0,0,0,0,0,0,0,0,0,0,0,0,0,0,0,0,0,0,0,0,0,0,0,0
,,,,,,,,,,,,,,,,,,,,,,,,,,,,,,,,,,,
,,,,,,,,,,,,,,,,,,,,,,,,,,,,,,,,,,,
,,,,,,,,,,,,,,,,,,,,,,,,,,,,,,,,,,,
,,,,,,,,,,,,,,,,,,,,,,,,,,,,,,,,,,,
,,,,,,,,,,,,,,,,,,,,,,,,,,,,,,,,,,,
,,,,,,,,,,,,,,,,,,,,,,,,,,,,,,,,,,,
,,,,,,,,,,,,,,,,,,,,,,,,,,,,,,,,,,,
,,,,,,,,,,,,,,,,,,,,,,,,,,,,,,,,,,,
,,,,,,,,,,,,,,,,,,,,,,,,,,,,,,,,,,,
,,,,,,,,,,,,,,,,,,,,,,,,,,,,,,,,,,,
,,,,,,,,,,,,,,,,,,,,,,,,,,,,,,,,,,,
,,,,,,,,,,,,,,,,,,,,,,,,,,,,,,,,,,,
,,,,,,,,,,,,,,,,,,,,,,,,,,,,,,,,,,,
,,,,,,,,,,,,,,,,,,,,,,,,,,,,,,,,,,,
,,,,,,,,,,,,,,,,,,,,,,,,,,,,,,,,,,,
,,,,,,,,,,,,,,,,,,,,,,,,,,,,,,,,,,,
,,,,,,,,,,,,,,,,,,,,,,,,,,,,,,,,,,,
,,,,,,,,,,,,,,,,,,,,,,,,,,,,,,,,,,,
,,,,,,,,,,,,,,,,,,,,,,,,,,,,,,,,,,,
,,,,,,,,,,,,,,,,,,,,,,,,,,,,,,,,,,,
,,,,,,,,,,,,,,,,,,,,,,,,,,,,,,,,,,,
,,,,,,,,,,,,,,,,,,,,,,,,,,,,,,,,,,,
,,,,,,,,,,,,,,,,,,,,,,,,,,,,,,,,,,,
,,,,,,,,,,,,,,,,,,,,,,,,,,,,,,,,,,,
,,,,,,,,,,,,,,,,,,,,,,,,,,,,,,,,,,,
,,,,,,,,,,,,,,,,,,,,,,,,,,,,,,,,,,,
,,,,,,,,,,,,,,,,,,,,,,,,,,,,,,,,,,,
,,,,,,,,,,,,,,,,,,,,,,,,,,,,,,,,,,,
,,,,,,,,,,,,,,,,,,,,,,,,,,,,,,,,,,,
,,,,,,,,,,,,,,,,,,,,,,,,,,,,,,,,,,,
,,,,,,,,,,,,,,,,,,,,,,,,,,,,,,,,,,,
,,,,,,,,,,,,,,,,,,,,,,,,,,,,,,,,,,,
,,,,,,,,,,,,,,,,,,,,,,,,,,,,,,,,,,,
,,,,,,,,,,,,,,,,,,,,,,,,,,,,,,,,,,,
,,,,,,,,,,,,,,,,,,,,,,,,,,,,,,,,,,,
,,,,,,,,,,,,,,,,,,,,,,,,,,,,,,,,,,,
,,,,,,,,,,,,,,,,,,,,,,,,,,,,,,,,,,,
,,,,,,,,,,,,,,,,,,,,,,,,,,,,,,,,,,,
,,,,,,,,,,,,,,,,,,,,,,,,,,,,,,,,,,,
,,,,,,,,,,,,,,,,,,,,,,,,,,,,,,,,,,,
,,,,,,,,,,,,,,,,,,,,,,,,,,,,,,,,,,,
,,,,,,,,,,,,,,,,,,,,,,,,,,,,,,,,,,,
,,,,,,,,,,,,,,,,,,,,,,,,,,,,,,,,,,,
,,,,,,,,,,,,,,,,,,,,,,,,,,,,,,,,,,,
,,,,,,,,,,,,,,,,,,,,,,,,,,,,,,,,,,,
,,,,,,,,,,,,,,,,,,,,,,,,,,,,,,,,,,,
,,,,,,,,,,,,,,,,,,,,,,,,,,,,,,,,,,,
,,,,,,,,,,,,,,,,,,,,,,,,,,,,,,,,,,,
,,,,,,,,,,,,,,,,,,,,,,,,,,,,,,,,,,,
,,,,,,,,,,,,,,,,,,,,,,,,,,,,,,,,,,,
,,,,,,,,,,,,,,,,,,,,,,,,,,,,,,,,,,,
,,,,,,,,,,,,,,,,,,,,,,,,,,,,,,,,,,,
,,,,,,,,,,,,,,,,,,,,,,,,,,,,,,,,,,,
,,,,,,,,,,,,,,,,,,,,,,,,,,,,,,,,,,,
,,,,,,,,,,,,,,,,,,,,,,,,,,,,,,,,,,,
,,,,,,,,,,,,,,,,,,,,,,,,,,,,,,,,,,,
,,,,,,,,,,,,,,,,,,,,,,,,,,,,,,,,,,,
,,,,,,,,,,,,,,,,,,,,,,,,,,,,,,,,,,,
,,,,,,,,,,,,,,,,,,,,,,,,,,,,,,,,,,,
,,,,,,,,,,,,,,,,,,,,,,,,,,,,,,,,,,,
,,,,,,,,,,,,,,,,,,,,,,,,,,,,,,,,,,,
,,,,,,,,,,,,,,,,,,,,,,,,,,,,,,,,,,,
,,,,,,,,,,,,,,,,,,,,,,,,,,,,,,,,,,,
,,,,,,,,,,,,,,,,,,,,,,,,,,,,,,,,,,,
,,,,,,,,,,,,,,,,,,,,,,,,,,,,,,,,,,,
,,,,,,,,,,,,,,,,,,,,,,,,,,,,,,,,,,,
,,,,,,,,,,,,,,,,,,,,,,,,,,,,,,,,,,,
,,,,,,,,,,,,,,,,,,,,,,,,,,,,,,,,,,,
,,,,,,,,,,,,,,,,,,,,,,,,,,,,,,,,,,,
,,,,,,,,,,,,,,,,,,,,,,,,,,,,,,,,,,,
,,,,,,,,,,,,,,,,,,,,,,,,,,,,,,,,,,,
,,,,,,,,,,,,,,,,,,,,,,,,,,,,,,,,,,,
,,,,,,,,,,,,,,,,,,,,,,,,,,,,,,,,,,,
,,,,,,,,,,,,,,,,,,,,,,,,,,,,,,,,,,,
,,,,,,,,,,,,,,,,,,,,,,,,,,,,,,,,,,,
,,,,,,,,,,,,,,,,,,,,,,,,,,,,,,,,,,,
,,,,,,,,,,,,,,,,,,,,,,,,,,,,,,,,,,,
,,,,,,,,,,,,,,,,,,,,,,,,,,,,,,,,,,,
,,,,,,,,,,,,,,,,,,,,,,,,,,,,,,,,,,,
,,,,,,,,,,,,,,,,,,,,,,,,,,,,,,,,,,,
,,,,,,,,,,,,,,,,,,,,,,,,,,,,,,,,,,,
,,,,,,,,,,,,,,,,,,,,,,,,,,,,,,,,,,,
,,,,,,,,,,,,,,,,,,,,,,,,,,,,,,,,,,,
,,,,,,,,,,,,,,,,,,,,,,,,,,,,,,,,,,,
,,,,,,,,,,,,,,,,,,,,,,,,,,,,,,,,,,,
,,,,,,,,,,,,,,,,,,,,,,,,,,,,,,,,,,,
,,,,,,,,,,,,,,,,,,,,,,,,,,,,,,,,,,,
,,,,,,,,,,,,,,,,,,,,,,,,,,,,,,,,,,,
,,,,,,,,,,,,,,,,,,,,,,,,,,,,,,,,,,,
,,,,,,,,,,,,,,,,,,,,,,,,,,,,,,,,,,,
,,,,,,,,,,,,,,,,,,,,,,,,,,,,,,,,,,,
,,,,,,,,,,,,,,,,,,,,,,,,,,,,,,,,,,,
,,,,,,,,,,,,,,,,,,,,,,,,,,,,,,,,,,,
,,,,,,,,,,,,,,,,,,,,,,,,,,,,,,,,,,,
,,,,,,,,,,,,,,,,,,,,,,,,,,,,,,,,,,,
,,,,,,,,,,,,,,,,,,,,,,,,,,,,,,,,,,,
,,,,,,,,,,,,,,,,,,,,,,,,,,,,,,,,,,,
,,,,,,,,,,,,,,,,,,,,,,,,,,,,,,,,,,,
,,,,,,,,,,,,,,,,,,,,,,,,,,,,,,,,,,,
,,,,,,,,,,,,,,,,,,,,,,,,,,,,,,,,,,,
,,,,,,,,,,,,,,,,,,,,,,,,,,,,,,,,,,,
,,,,,,,,,,,,,,,,,,,,,,,,,,,,,,,,,,,
,,,,,,,,,,,,,,,,,,,,,,,,,,,,,,,,,,,
,,,,,,,,,,,,,,,,,,,,,,,,,,,,,,,,,,,
,,,,,,,,,,,,,,,,,,,,,,,,,,,,,,,,,,,
,,,,,,,,,,,,,,,,,,,,,,,,,,,,,,,,,,,
,,,,,,,,,,,,,,,,,,,,,,,,,,,,,,,,,,,
,,,,,,,,,,,,,,,,,,,,,,,,,,,,,,,,,,,
,,,,,,,,,,,,,,,,,,,,,,,,,,,,,,,,,,,
,,,,,,,,,,,,,,,,,,,,,,,,,,,,,,,,,,,
,,,,,,,,,,,,,,,,,,,,,,,,,,,,,,,,,,,
,,,,,,,,,,,,,,,,,,,,,,,,,,,,,,,,,,,
,,,,,,,,,,,,,,,,,,,,,,,,,,,,,,,,,,,
,,,,,,,,,,,,,,,,,,,,,,,,,,,,,,,,,,,
,,,,,,,,,,,,,,,,,,,,,,,,,,,,,,,,,,,
,,,,,,,,,,,,,,,,,,,,,,,,,,,,,,,,,,,
,,,,,,,,,,,,,,,,,,,,,,,,,,,,,,,,,,,
,,,,,,,,,,,,,,,,,,,,,,,,,,,,,,,,,,,
,,,,,,,,,,,,,,,,,,,,,,,,,,,,,,,,,,,
,,,,,,,,,,,,,,,,,,,,,,,,,,,,,,,,,,,
,,,,,,,,,,,,,,,,,,,,,,,,,,,,,,,,,,,
,,,,,,,,,,,,,,,,,,,,,,,,,,,,,,,,,,,
,,,,,,,,,,,,,,,,,,,,,,,,,,,,,,,,,,,
,,,,,,,,,,,,,,,,,,,,,,,,,,,,,,,,,,,
,,,,,,,,,,,,,,,,,,,,,,,,,,,,,,,,,,,
,,,,,,,,,,,,,,,,,,,,,,,,,,,,,,,,,,,
,,,,,,,,,,,,,,,,,,,,,,,,,,,,,,,,,,,
,,,,,,,,,,,,,,,,,,,,,,,,,,,,,,,,,,,
,,,,,,,,,,,,,,,,,,,,,,,,,,,,,,,,,,,
,,,,,,,,,,,,,,,,,,,,,,,,,,,,,,,,,,,
,,,,,,,,,,,,,,,,,,,,,,,,,,,,,,,,,,,
,,,,,,,,,,,,,,,,,,,,,,,,,,,,,,,,,,,
,,,,,,,,,,,,,,,,,,,,,,,,,,,,,,,,,,,
,,,,,,,,,,,,,,,,,,,,,,,,,,,,,,,,,,,
,,,,,,,,,,,,,,,,,,,,,,,,,,,,,,,,,,,
,,,,,,,,,,,,,,,,,,,,,,,,,,,,,,,,,,,
,,,,,,,,,,,,,,,,,,,,,,,,,,,,,,,,,,,
,,,,,,,,,,,,,,,,,,,,,,,,,,,,,,,,,,,
,,,,,,,,,,,,,,,,,,,,,,,,,,,,,,,,,,,
,,,,,,,,,,,,,,,,,,,,,,,,,,,,,,,,,,,
,,,,,,,,,,,,,,,,,,,,,,,,,,,,,,,,,,,
,,,,,,,,,,,,,,,,,,,,,,,,,,,,,,,,,,,
,,,,,,,,,,,,,,,,,,,,,,,,,,,,,,,,,,,
,,,,,,,,,,,,,,,,,,,,,,,,,,,,,,,,,,,
,,,,,,,,,,,,,,,,,,,,,,,,,,,,,,,,,,,
,,,,,,,,,,,,,,,,,,,,,,,,,,,,,,,,,,,
,,,,,,,,,,,,,,,,,,,,,,,,,,,,,,,,,,,
,,,,,,,,,,,,,,,,,,,,,,,,,,,,,,,,,,,
,,,,,,,,,,,,,,,,,,,,,,,,,,,,,,,,,,,
,,,,,,,,,,,,,,,,,,,,,,,,,,,,,,,,,,,
,,,,,,,,,,,,,,,,,,,,,,,,,,,,,,,,,,,
,,,,,,,,,,,,,,,,,,,,,,,,,,,,,,,,,,,
,,,,,,,,,,,,,,,,,,,,,,,,,,,,,,,,,,,
,,,,,,,,,,,,,,,,,,,,,,,,,,,,,,,,,,,
,,,,,,,,,,,,,,,,,,,,,,,,,,,,,,,,,,,
,,,,,,,,,,,,,,,,,,,,,,,,,,,,,,,,,,,
,,,,,,,,,,,,,,,,,,,,,,,,,,,,,,,,,,,
,,,,,,,,,,,,,,,,,,,,,,,,,,,,,,,,,,,
,,,,,,,,,,,,,,,,,,,,,,,,,,,,,,,,,,,
,,,,,,,,,,,,,,,,,,,,,,,,,,,,,,,,,,,
,,,,,,,,,,,,,,,,,,,,,,,,,,,,,,,,,,,
,,,,,,,,,,,,,,,,,,,,,,,,,,,,,,,,,,,
,,,,,,,,,,,,,,,,,,,,,,,,,,,,,,,,,,,
,,,,,,,,,,,,,,,,,,,,,,,,,,,,,,,,,,,
,,,,,,,,,,,,,,,,,,,,,,,,,,,,,,,,,,,
,,,,,,,,,,,,,,,,,,,,,,,,,,,,,,,,,,,
,,,,,,,,,,,,,,,,,,,,,,,,,,,,,,,,,,,
,,,,,,,,,,,,,,,,,,,,,,,,,,,,,,,,,,,
,,,,,,,,,,,,,,,,,,,,,,,,,,,,,,,,,,,
,,,,,,,,,,,,,,,,,,,,,,,,,,,,,,,,,,,
,,,,,,,,,,,,,,,,,,,,,,,,,,,,,,,,,,,
,,,,,,,,,,,,,,,,,,,,,,,,,,,,,,,,,,,
,,,,,,,,,,,,,,,,,,,,,,,,,,,,,,,,,,,
,,,,,,,,,,,,,,,,,,,,,,,,,,,,,,,,,,,
,,,,,,,,,,,,,,,,,,,,,,,,,,,,,,,,,,,
,,,,,,,,,,,,,,,,,,,,,,,,,,,,,,,,,,,
,,,,,,,,,,,,,,,,,,,,,,,,,,,,,,,,,,,
,,,,,,,,,,,,,,,,,,,,,,,,,,,,,,,,,,,
,,,,,,,,,,,,,,,,,,,,,,,,,,,,,,,,,,,
,,,,,,,,,,,,,,,,,,,,,,,,,,,,,,,,,,,
,,,,,,,,,,,,,,,,,,,,,,,,,,,,,,,,,,,
,,,,,,,,,,,,,,,,,,,,,,,,,,,,,,,,,,,
,,,,,,,,,,,,,,,,,,,,,,,,,,,,,,,,,,,
,,,,,,,,,,,,,,,,,,,,,,,,,,,,,,,,,,,
,,,,,,,,,,,,,,,,,,,,,,,,,,,,,,,,,,,
,,,,,,,,,,,,,,,,,,,,,,,,,,,,,,,,,,,
,,,,,,,,,,,,,,,,,,,,,,,,,,,,,,,,,,,
,,,,,,,,,,,,,,,,,,,,,,,,,,,,,,,,,,,
,,,,,,,,,,,,,,,,,,,,,,,,,,,,,,,,,,,
,,,,,,,,,,,,,,,,,,,,,,,,,,,,,,,,,,,
,,,,,,,,,,,,,,,,,,,,,,,,,,,,,,,,,,,
,,,,,,,,,,,,,,,,,,,,,,,,,,,,,,,,,,,
,,,,,,,,,,,,,,,,,,,,,,,,,,,,,,,,,,,
,,,,,,,,,,,,,,,,,,,,,,,,,,,,,,,,,,,
,,,,,,,,,,,,,,,,,,,,,,,,,,,,,,,,,,,
,,,,,,,,,,,,,,,,,,,,,,,,,,,,,,,,,,,
,,,,,,,,,,,,,,,,,,,,,,,,,,,,,,,,,,,
,,,,,,,,,,,,,,,,,,,,,,,,,,,,,,,,,,,
,,,,,,,,,,,,,,,,,,,,,,,,,,,,,,,,,,,
,,,,,,,,,,,,,,,,,,,,,,,,,,,,,,,,,,,
,,,,,,,,,,,,,,,,,,,,,,,,,,,,,,,,,,,
,,,,,,,,,,,,,,,,,,,,,,,,,,,,,,,,,,,
,,,,,,,,,,,,,,,,,,,,,,,,,,,,,,,,,,,
,,,,,,,,,,,,,,,,,,,,,,,,,,,,,,,,,,,
,,,,,,,,,,,,,,,,,,,,,,,,,,,,,,,,,,,
,,,,,,,,,,,,,,,,,,,,,,,,,,,,,,,,,,,
,,,,,,,,,,,,,,,,,,,,,,,,,,,,,,,,,,,
,,,,,,,,,,,,,,,,,,,,,,,,,,,,,,,,,,,
,,,,,,,,,,,,,,,,,,,,,,,,,,,,,,,,,,,
,,,,,,,,,,,,,,,,,,,,,,,,,,,,,,,,,,,
,,,,,,,,,,,,,,,,,,,,,,,,,,,,,,,,,,,
,,,,,,,,,,,,,,,,,,,,,,,,,,,,,,,,,,,
,,,,,,,,,,,,,,,,,,,,,,,,,,,,,,,,,,,
,,,,,,,,,,,,,,,,,,,,,,,,,,,,,,,,,,,
,,,,,,,,,,,,,,,,,,,,,,,,,,,,,,,,,,,
,,,,,,,,,,,,,,,,,,,,,,,,,,,,,,,,,,,
,,,,,,,,,,,,,,,,,,,,,,,,,,,,,,,,,,,
,,,,,,,,,,,,,,,,,,,,,,,,,,,,,,,,,,,
,,,,,,,,,,,,,,,,,,,,,,,,,,,,,,,,,,,
,,,,,,,,,,,,,,,,,,,,,,,,,,,,,,,,,,,
,,,,,,,,,,,,,,,,,,,,,,,,,,,,,,,,,,,
,,,,,,,,,,,,,,,,,,,,,,,,,,,,,,,,,,,
,,,,,,,,,,,,,,,,,,,,,,,,,,,,,,,,,,,
,,,,,,,,,,,,,,,,,,,,,,,,,,,,,,,,,,,
,,,,,,,,,,,,,,,,,,,,,,,,,,,,,,,,,,,
,,,,,,,,,,,,,,,,,,,,,,,,,,,,,,,,,,,
,,,,,,,,,,,,,,,,,,,,,,,,,,,,,,,,,,,
,,,,,,,,,,,,,,,,,,,,,,,,,,,,,,,,,,,
,,,,,,,,,,,,,,,,,,,,,,,,,,,,,,,,,,,
,,,,,,,,,,,,,,,,,,,,,,,,,,,,,,,,,,,
,,,,,,,,,,,,,,,,,,,,,,,,,,,,,,,,,,,
,,,,,,,,,,,,,,,,,,,,,,,,,,,,,,,,,,,
,,,,,,,,,,,,,,,,,,,,,,,,,,,,,,,,,,,
,,,,,,,,,,,,,,,,,,,,,,,,,,,,,,,,,,,
,,,,,,,,,,,,,,,,,,,,,,,,,,,,,,,,,,,
,,,,,,,,,,,,,,,,,,,,,,,,,,,,,,,,,,,
,,,,,,,,,,,,,,,,,,,,,,,,,,,,,,,,,,,
,,,,,,,,,,,,,,,,,,,,,,,,,,,,,,,,,,,
,,,,,,,,,,,,,,,,,,,,,,,,,,,,,,,,,,,
,,,,,,,,,,,,,,,,,,,,,,,,,,,,,,,,,,,
,,,,,,,,,,,,,,,,,,,,,,,,,,,,,,,,,,,
,,,,,,,,,,,,,,,,,,,,,,,,,,,,,,,,,,,
,,,,,,,,,,,,,,,,,,,,,,,,,,,,,,,,,,,
,,,,,,,,,,,,,,,,,,,,,,,,,,,,,,,,,,,
,,,,,,,,,,,,,,,,,,,,,,,,,,,,,,,,,,,
,,,,,,,,,,,,,,,,,,,,,,,,,,,,,,,,,,,
,,,,,,,,,,,,,,,,,,,,,,,,,,,,,,,,,,,
,,,,,,,,,,,,,,,,,,,,,,,,,,,,,,,,,,,
,,,,,,,,,,,,,,,,,,,,,,,,,,,,,,,,,,,
,,,,,,,,,,,,,,,,,,,,,,,,,,,,,,,,,,,
,,,,,,,,,,,,,,,,,,,,,,,,,,,,,,,,,,,
,,,,,,,,,,,,,,,,,,,,,,,,,,,,,,,,,,,
,,,,,,,,,,,,,,,,,,,,,,,,,,,,,,,,,,,
,,,,,,,,,,,,,,,,,,,,,,,,,,,,,,,,,,,
,,,,,,,,,,,,,,,,,,,,,,,,,,,,,,,,,,,
,,,,,,,,,,,,,,,,,,,,,,,,,,,,,,,,,,,
,,,,,,,,,,,,,,,,,,,,,,,,,,,,,,,,,,,
,,,,,,,,,,,,,,,,,,,,,,,,,,,,,,,,,,,
,,,,,,,,,,,,,,,,,,,,,,,,,,,,,,,,,,,
,,,,,,,,,,,,,,,,,,,,,,,,,,,,,,,,,,,
,,,,,,,,,,,,,,,,,,,,,,,,,,,,,,,,,,,
,,,,,,,,,,,,,,,,,,,,,,,,,,,,,,,,,,,
,,,,,,,,,,,,,,,,,,,,,,,,,,,,,,,,,,,
,,,,,,,,,,,,,,,,,,,,,,,,,,,,,,,,,,,
,,,,,,,,,,,,,,,,,,,,,,,,,,,,,,,,,,,
,,,,,,,,,,,,,,,,,,,,,,,,,,,,,,,,,,,
,,,,,,,,,,,,,,,,,,,,,,,,,,,,,,,,,,,
,,,,,,,,,,,,,,,,,,,,,,,,,,,,,,,,,,,
,,,,,,,,,,,,,,,,,,,,,,,,,,,,,,,,,,,
,,,,,,,,,,,,,,,,,,,,,,,,,,,,,,,,,,,
,,,,,,,,,,,,,,,,,,,,,,,,,,,,,,,,,,,
,,,,,,,,,,,,,,,,,,,,,,,,,,,,,,,,,,,
,,,,,,,,,,,,,,,,,,,,,,,,,,,,,,,,,,,
,,,,,,,,,,,,,,,,,,,,,,,,,,,,,,,,,,,
,,,,,,,,,,,,,,,,,,,,,,,,,,,,,,,,,,,
,,,,,,,,,,,,,,,,,,,,,,,,,,,,,,,,,,,
,,,,,,,,,,,,,,,,,,,,,,,,,,,,,,,,,,,
,,,,,,,,,,,,,,,,,,,,,,,,,,,,,,,,,,,
,,,,,,,,,,,,,,,,,,,,,,,,,,,,,,,,,,,
,,,,,,,,,,,,,,,,,,,,,,,,,,,,,,,,,,,
,,,,,,,,,,,,,,,,,,,,,,,,,,,,,,,,,,,
,,,,,,,,,,,,,,,,,,,,,,,,,,,,,,,,,,,
,,,,,,,,,,,,,,,,,,,,,,,,,,,,,,,,,,,
,,,,,,,,,,,,,,,,,,,,,,,,,,,,,,,,,,,
,,,,,,,,,,,,,,,,,,,,,,,,,,,,,,,,,,,
,,,,,,,,,,,,,,,,,,,,,,,,,,,,,,,,,,,
,,,,,,,,,,,,,,,,,,,,,,,,,,,,,,,,,,,
,,,,,,,,,,,,,,,,,,,,,,,,,,,,,,,,,,,
,,,,,,,,,,,,,,,,,,,,,,,,,,,,,,,,,,,
,,,,,,,,,,,,,,,,,,,,,,,,,,,,,,,,,,,
,,,,,,,,,,,,,,,,,,,,,,,,,,,,,,,,,,,
,,,,,,,,,,,,,,,,,,,,,,,,,,,,,,,,,,,
,,,,,,,,,,,,,,,,,,,,,,,,,,,,,,,,,,,
,,,,,,,,,,,,,,,,,,,,,,,,,,,,,,,,,,,
,,,,,,,,,,,,,,,,,,,,,,,,,,,,,,,,,,,
,,,,,,,,,,,,,,,,,,,,,,,,,,,,,,,,,,,
,,,,,,,,,,,,,,,,,,,,,,,,,,,,,,,,,,,
,,,,,,,,,,,,,,,,,,,,,,,,,,,,,,,,,,,
,,,,,,,,,,,,,,,,,,,,,,,,,,,,,,,,,,,
,,,,,,,,,,,,,,,,,,,,,,,,,,,,,,,,,,,
,,,,,,,,,,,,,,,,,,,,,,,,,,,,,,,,,,,
,,,,,,,,,,,,,,,,,,,,,,,,,,,,,,,,,,,
,,,,,,,,,,,,,,,,,,,,,,,,,,,,,,,,,,,
,,,,,,,,,,,,,,,,,,,,,,,,,,,,,,,,,,,
,,,,,,,,,,,,,,,,,,,,,,,,,,,,,,,,,,,
,,,,,,,,,,,,,,,,,,,,,,,,,,,,,,,,,,,
,,,,,,,,,,,,,,,,,,,,,,,,,,,,,,,,,,,
,,,,,,,,,,,,,,,,,,,,,,,,,,,,,,,,,,,
,,,,,,,,,,,,,,,,,,,,,,,,,,,,,,,,,,,
,,,,,,,,,,,,,,,,,,,,,,,,,,,,,,,,,,,
,,,,,,,,,,,,,,,,,,,,,,,,,,,,,,,,,,,
,,,,,,,,,,,,,,,,,,,,,,,,,,,,,,,,,,,
,,,,,,,,,,,,,,,,,,,,,,,,,,,,,,,,,,,
,,,,,,,,,,,,,,,,,,,,,,,,,,,,,,,,,,,
,,,,,,,,,,,,,,,,,,,,,,,,,,,,,,,,,,,
,,,,,,,,,,,,,,,,,,,,,,,,,,,,,,,,,,,
,,,,,,,,,,,,,,,,,,,,,,,,,,,,,,,,,,,
,,,,,,,,,,,,,,,,,,,,,,,,,,,,,,,,,,,
,,,,,,,,,,,,,,,,,,,,,,,,,,,,,,,,,,,
,,,,,,,,,,,,,,,,,,,,,,,,,,,,,,,,,,,
,,,,,,,,,,,,,,,,,,,,,,,,,,,,,,,,,,,
,,,,,,,,,,,,,,,,,,,,,,,,,,,,,,,,,,,
,,,,,,,,,,,,,,,,,,,,,,,,,,,,,,,,,,,
,,,,,,,,,,,,,,,,,,,,,,,,,,,,,,,,,,,
,,,,,,,,,,,,,,,,,,,,,,,,,,,,,,,,,,,
,,,,,,,,,,,,,,,,,,,,,,,,,,,,,,,,,,,
,,,,,,,,,,,,,,,,,,,,,,,,,,,,,,,,,,,
,,,,,,,,,,,,,,,,,,,,,,,,,,,,,,,,,,,
,,,,,,,,,,,,,,,,,,,,,,,,,,,,,,,,,,,
,,,,,,,,,,,,,,,,,,,,,,,,,,,,,,,,,,,
,,,,,,,,,,,,,,,,,,,,,,,,,,,,,,,,,,,
,,,,,,,,,,,,,,,,,,,,,,,,,,,,,,,,,,,
,,,,,,,,,,,,,,,,,,,,,,,,,,,,,,,,,,,
,,,,,,,,,,,,,,,,,,,,,,,,,,,,,,,,,,,
,,,,,,,,,,,,,,,,,,,,,,,,,,,,,,,,,,,
,,,,,,,,,,,,,,,,,,,,,,,,,,,,,,,,,,,
,,,,,,,,,,,,,,,,,,,,,,,,,,,,,,,,,,,
,,,,,,,,,,,,,,,,,,,,,,,,,,,,,,,,,,,
,,,,,,,,,,,,,,,,,,,,,,,,,,,,,,,,,,,
,,,,,,,,,,,,,,,,,,,,,,,,,,,,,,,,,,,
,,,,,,,,,,,,,,,,,,,,,,,,,,,,,,,,,,,
,,,,,,,,,,,,,,,,,,,,,,,,,,,,,,,,,,,
,,,,,,,,,,,,,,,,,,,,,,,,,,,,,,,,,,,
,,,,,,,,,,,,,,,,,,,,,,,,,,,,,,,,,,,
,,,,,,,,,,,,,,,,,,,,,,,,,,,,,,,,,,,
,,,,,,,,,,,,,,,,,,,,,,,,,,,,,,,,,,,
,,,,,,,,,,,,,,,,,,,,,,,,,,,,,,,,,,,
,,,,,,,,,,,,,,,,,,,,,,,,,,,,,,,,,,,
,,,,,,,,,,,,,,,,,,,,,,,,,,,,,,,,,,,
,,,,,,,,,,,,,,,,,,,,,,,,,,,,,,,,,,,
,,,,,,,,,,,,,,,,,,,,,,,,,,,,,,,,,,,
,,,,,,,,,,,,,,,,,,,,,,,,,,,,,,,,,,,
,,,,,,,,,,,,,,,,,,,,,,,,,,,,,,,,,,,
,,,,,,,,,,,,,,,,,,,,,,,,,,,,,,,,,,,
,,,,,,,,,,,,,,,,,,,,,,,,,,,,,,,,,,,
,,,,,,,,,,,,,,,,,,,,,,,,,,,,,,,,,,,
,,,,,,,,,,,,,,,,,,,,,,,,,,,,,,,,,,,
,,,,,,,,,,,,,,,,,,,,,,,,,,,,,,,,,,,
,,,,,,,,,,,,,,,,,,,,,,,,,,,,,,,,,,,
,,,,,,,,,,,,,,,,,,,,,,,,,,,,,,,,,,,
,,,,,,,,,,,,,,,,,,,,,,,,,,,,,,,,,,,
,,,,,,,,,,,,,,,,,,,,,,,,,,,,,,,,,,,
,,,,,,,,,,,,,,,,,,,,,,,,,,,,,,,,,,,
,,,,,,,,,,,,,,,,,,,,,,,,,,,,,,,,,,,
,,,,,,,,,,,,,,,,,,,,,,,,,,,,,,,,,,,
,,,,,,,,,,,,,,,,,,,,,,,,,,,,,,,,,,,
,,,,,,,,,,,,,,,,,,,,,,,,,,,,,,,,,,,
,,,,,,,,,,,,,,,,,,,,,,,,,,,,,,,,,,,
,,,,,,,,,,,,,,,,,,,,,,,,,,,,,,,,,,,
,,,,,,,,,,,,,,,,,,,,,,,,,,,,,,,,,,,
,,,,,,,,,,,,,,,,,,,,,,,,,,,,,,,,,,,
,,,,,,,,,,,,,,,,,,,,,,,,,,,,,,,,,,,
,,,,,,,,,,,,,,,,,,,,,,,,,,,,,,,,,,,
,,,,,,,,,,,,,,,,,,,,,,,,,,,,,,,,,,,
,,,,,,,,,,,,,,,,,,,,,,,,,,,,,,,,,,,
,,,,,,,,,,,,,,,,,,,,,,,,,,,,,,,,,,,
,,,,,,,,,,,,,,,,,,,,,,,,,,,,,,,,,,,
,,,,,,,,,,,,,,,,,,,,,,,,,,,,,,,,,,,
,,,,,,,,,,,,,,,,,,,,,,,,,,,,,,,,,,,
,,,,,,,,,,,,,,,,,,,,,,,,,,,,,,,,,,,
,,,,,,,,,,,,,,,,,,,,,,,,,,,,,,,,,,,
,,,,,,,,,,,,,,,,,,,,,,,,,,,,,,,,,,,
,,,,,,,,,,,,,,,,,,,,,,,,,,,,,,,,,,,
,,,,,,,,,,,,,,,,,,,,,,,,,,,,,,,,,,,
,,,,,,,,,,,,,,,,,,,,,,,,,,,,,,,,,,,
,,,,,,,,,,,,,,,,,,,,,,,,,,,,,,,,,,,
,,,,,,,,,,,,,,,,,,,,,,,,,,,,,,,,,,,
,,,,,,,,,,,,,,,,,,,,,,,,,,,,,,,,,,,
,,,,,,,,,,,,,,,,,,,,,,,,,,,,,,,,,,,
,,,,,,,,,,,,,,,,,,,,,,,,,,,,,,,,,,,
,,,,,,,,,,,,,,,,,,,,,,,,,,,,,,,,,,,
,,,,,,,,,,,,,,,,,,,,,,,,,,,,,,,,,,,
,,,,,,,,,,,,,,,,,,,,,,,,,,,,,,,,,,,
,,,,,,,,,,,,,,,,,,,,,,,,,,,,,,,,,,,
,,,,,,,,,,,,,,,,,,,,,,,,,,,,,,,,,,,
,,,,,,,,,,,,,,,,,,,,,,,,,,,,,,,,,,,
,,,,,,,,,,,,,,,,,,,,,,,,,,,,,,,,,,,
,,,,,,,,,,,,,,,,,,,,,,,,,,,,,,,,,,,
,,,,,,,,,,,,,,,,,,,,,,,,,,,,,,,,,,,
,,,,,,,,,,,,,,,,,,,,,,,,,,,,,,,,,,,
,,,,,,,,,,,,,,,,,,,,,,,,,,,,,,,,,,,
,,,,,,,,,,,,,,,,,,,,,,,,,,,,,,,,,,,
,,,,,,,,,,,,,,,,,,,,,,,,,,,,,,,,,,,
,,,,,,,,,,,,,,,,,,,,,,,,,,,,,,,,,,,
,,,,,,,,,,,,,,,,,,,,,,,,,,,,,,,,,,,
,,,,,,,,,,,,,,,,,,,,,,,,,,,,,,,,,,,
,,,,,,,,,,,,,,,,,,,,,,,,,,,,,,,,,,,
,,,,,,,,,,,,,,,,,,,,,,,,,,,,,,,,,,,
,,,,,,,,,,,,,,,,,,,,,,,,,,,,,,,,,,,
,,,,,,,,,,,,,,,,,,,,,,,,,,,,,,,,,,,
,,,,,,,,,,,,,,,,,,,,,,,,,,,,,,,,,,,
,,,,,,,,,,,,,,,,,,,,,,,,,,,,,,,,,,,
,,,,,,,,,,,,,,,,,,,,,,,,,,,,,,,,,,,
,,,,,,,,,,,,,,,,,,,,,,,,,,,,,,,,,,,
,,,,,,,,,,,,,,,,,,,,,,,,,,,,,,,,,,,
,,,,,,,,,,,,,,,,,,,,,,,,,,,,,,,,,,,
,,,,,,,,,,,,,,,,,,,,,,,,,,,,,,,,,,,
,,,,,,,,,,,,,,,,,,,,,,,,,,,,,,,,,,,
,,,,,,,,,,,,,,,,,,,,,,,,,,,,,,,,,,,
,,,,,,,,,,,,,,,,,,,,,,,,,,,,,,,,,,,
,,,,,,,,,,,,,,,,,,,,,,,,,,,,,,,,,,,
,,,,,,,,,,,,,,,,,,,,,,,,,,,,,,,,,,,
,,,,,,,,,,,,,,,,,,,,,,,,,,,,,,,,,,,
,,,,,,,,,,,,,,,,,,,,,,,,,,,,,,,,,,,
,,,,,,,,,,,,,,,,,,,,,,,,,,,,,,,,,,,
,,,,,,,,,,,,,,,,,,,,,,,,,,,,,,,,,,,
,,,,,,,,,,,,,,,,,,,,,,,,,,,,,,,,,,,
,,,,,,,,,,,,,,,,,,,,,,,,,,,,,,,,,,,
,,,,,,,,,,,,,,,,,,,,,,,,,,,,,,,,,,,
,,,,,,,,,,,,,,,,,,,,,,,,,,,,,,,,,,,
,,,,,,,,,,,,,,,,,,,,,,,,,,,,,,,,,,,
,,,,,,,,,,,,,,,,,,,,,,,,,,,,,,,,,,,
,,,,,,,,,,,,,,,,,,,,,,,,,,,,,,,,,,,
,,,,,,,,,,,,,,,,,,,,,,,,,,,,,,,,,,,
,,,,,,,,,,,,,,,,,,,,,,,,,,,,,,,,,,,
,,,,,,,,,,,,,,,,,,,,,,,,,,,,,,,,,,,
,,,,,,,,,,,,,,,,,,,,,,,,,,,,,,,,,,,
,,,,,,,,,,,,,,,,,,,,,,,,,,,,,,,,,,,
,,,,,,,,,,,,,,,,,,,,,,,,,,,,,,,,,,,
,,,,,,,,,,,,,,,,,,,,,,,,,,,,,,,,,,,
,,,,,,,,,,,,,,,,,,,,,,,,,,,,,,,,,,,
,,,,,,,,,,,,,,,,,,,,,,,,,,,,,,,,,,,
,,,,,,,,,,,,,,,,,,,,,,,,,,,,,,,,,,,
,,,,,,,,,,,,,,,,,,,,,,,,,,,,,,,,,,,
,,,,,,,,,,,,,,,,,,,,,,,,,,,,,,,,,,,
,,,,,,,,,,,,,,,,,,,,,,,,,,,,,,,,,,,
,,,,,,,,,,,,,,,,,,,,,,,,,,,,,,,,,,,
,,,,,,,,,,,,,,,,,,,,,,,,,,,,,,,,,,,
,,,,,,,,,,,,,,,,,,,,,,,,,,,,,,,,,,,
,,,,,,,,,,,,,,,,,,,,,,,,,,,,,,,,,,,
,,,,,,,,,,,,,,,,,,,,,,,,,,,,,,,,,,,
,,,,,,,,,,,,,,,,,,,,,,,,,,,,,,,,,,,
,,,,,,,,,,,,,,,,,,,,,,,,,,,,,,,,,,,
,,,,,,,,,,,,,,,,,,,,,,,,,,,,,,,,,,,
,,,,,,,,,,,,,,,,,,,,,,,,,,,,,,,,,,,
,,,,,,,,,,,,,,,,,,,,,,,,,,,,,,,,,,,
,,,,,,,,,,,,,,,,,,,,,,,,,,,,,,,,,,,
,,,,,,,,,,,,,,,,,,,,,,,,,,,,,,,,,,,
,,,,,,,,,,,,,,,,,,,,,,,,,,,,,,,,,,,
,,,,,,,,,,,,,,,,,,,,,,,,,,,,,,,,,,,
,,,,,,,,,,,,,,,,,,,,,,,,,,,,,,,,,,,
,,,,,,,,,,,,,,,,,,,,,,,,,,,,,,,,,,,
,,,,,,,,,,,,,,,,,,,,,,,,,,,,,,,,,,,
,,,,,,,,,,,,,,,,,,,,,,,,,,,,,,,,,,,
,,,,,,,,,,,,,,,,,,,,,,,,,,,,,,,,,,,
,,,,,,,,,,,,,,,,,,,,,,,,,,,,,,,,,,,
,,,,,,,,,,,,,,,,,,,,,,,,,,,,,,,,,,,
,,,,,,,,,,,,,,,,,,,,,,,,,,,,,,,,,,,
,,,,,,,,,,,,,,,,,,,,,,,,,,,,,,,,,,,
,,,,,,,,,,,,,,,,,,,,,,,,,,,,,,,,,,,
,,,,,,,,,,,,,,,,,,,,,,,,,,,,,,,,,,,
,,,,,,,,,,,,,,,,,,,,,,,,,,,,,,,,,,,
,,,,,,,,,,,,,,,,,,,,,,,,,,,,,,,,,,,
,,,,,,,,,,,,,,,,,,,,,,,,,,,,,,,,,,,
,,,,,,,,,,,,,,,,,,,,,,,,,,,,,,,,,,,
,,,,,,,,,,,,,,,,,,,,,,,,,,,,,,,,,,,
,,,,,,,,,,,,,,,,,,,,,,,,,,,,,,,,,,,
,,,,,,,,,,,,,,,,,,,,,,,,,,,,,,,,,,,
,,,,,,,,,,,,,,,,,,,,,,,,,,,,,,,,,,,
,,,,,,,,,,,,,,,,,,,,,,,,,,,,,,,,,,,
,,,,,,,,,,,,,,,,,,,,,,,,,,,,,,,,,,,
,,,,,,,,,,,,,,,,,,,,,,,,,,,,,,,,,,,
,,,,,,,,,,,,,,,,,,,,,,,,,,,,,,,,,,,
,,,,,,,,,,,,,,,,,,,,,,,,,,,,,,,,,,,
,,,,,,,,,,,,,,,,,,,,,,,,,,,,,,,,,,,
,,,,,,,,,,,,,,,,,,,,,,,,,,,,,,,,,,,
,,,,,,,,,,,,,,,,,,,,,,,,,,,,,,,,,,,
,,,,,,,,,,,,,,,,,,,,,,,,,,,,,,,,,,,
,,,,,,,,,,,,,,,,,,,,,,,,,,,,,,,,,,,
,,,,,,,,,,,,,,,,,,,,,,,,,,,,,,,,,,,
,,,,,,,,,,,,,,,,,,,,,,,,,,,,,,,,,,,
,,,,,,,,,,,,,,,,,,,,,,,,,,,,,,,,,,,
,,,,,,,,,,,,,,,,,,,,,,,,,,,,,,,,,,,
,,,,,,,,,,,,,,,,,,,,,,,,,,,,,,,,,,,
,,,,,,,,,,,,,,,,,,,,,,,,,,,,,,,,,,,
,,,,,,,,,,,,,,,,,,,,,,,,,,,,,,,,,,,
,,,,,,,,,,,,,,,,,,,,,,,,,,,,,,,,,,,
,,,,,,,,,,,,,,,,,,,,,,,,,,,,,,,,,,,
,,,,,,,,,,,,,,,,,,,,,,,,,,,,,,,,,,,
,,,,,,,,,,,,,,,,,,,,,,,,,,,,,,,,,,,
,,,,,,,,,,,,,,,,,,,,,,,,,,,,,,,,,,,
,,,,,,,,,,,,,,,,,,,,,,,,,,,,,,,,,,,
,,,,,,,,,,,,,,,,,,,,,,,,,,,,,,,,,,,
,,,,,,,,,,,,,,,,,,,,,,,,,,,,,,,,,,,
,,,,,,,,,,,,,,,,,,,,,,,,,,,,,,,,,,,
,,,,,,,,,,,,,,,,,,,,,,,,,,,,,,,,,,,
,,,,,,,,,,,,,,,,,,,,,,,,,,,,,,,,,,,
,,,,,,,,,,,,,,,,,,,,,,,,,,,,,,,,,,,
,,,,,,,,,,,,,,,,,,,,,,,,,,,,,,,,,,,
,,,,,,,,,,,,,,,,,,,,,,,,,,,,,,,,,,,
,,,,,,,,,,,,,,,,,,,,,,,,,,,,,,,,,,,
,,,,,,,,,,,,,,,,,,,,,,,,,,,,,,,,,,,
,,,,,,,,,,,,,,,,,,,,,,,,,,,,,,,,,,,
,,,,,,,,,,,,,,,,,,,,,,,,,,,,,,,,,,,
,,,,,,,,,,,,,,,,,,,,,,,,,,,,,,,,,,,
,,,,,,,,,,,,,,,,,,,,,,,,,,,,,,,,,,,
,,,,,,,,,,,,,,,,,,,,,,,,,,,,,,,,,,,
,,,,,,,,,,,,,,,,,,,,,,,,,,,,,,,,,,,
,,,,,,,,,,,,,,,,,,,,,,,,,,,,,,,,,,,
,,,,,,,,,,,,,,,,,,,,,,,,,,,,,,,,,,,
,,,,,,,,,,,,,,,,,,,,,,,,,,,,,,,,,,,
,,,,,,,,,,,,,,,,,,,,,,,,,,,,,,,,,,,
,,,,,,,,,,,,,,,,,,,,,,,,,,,,,,,,,,,
,,,,,,,,,,,,,,,,,,,,,,,,,,,,,,,,,,,
,,,,,,,,,,,,,,,,,,,,,,,,,,,,,,,,,,,
,,,,,,,,,,,,,,,,,,,,,,,,,,,,,,,,,,,
,,,,,,,,,,,,,,,,,,,,,,,,,,,,,,,,,,,
,,,,,,,,,,,,,,,,,,,,,,,,,,,,,,,,,,,
,,,,,,,,,,,,,,,,,,,,,,,,,,,,,,,,,,,
,,,,,,,,,,,,,,,,,,,,,,,,,,,,,,,,,,,
,,,,,,,,,,,,,,,,,,,,,,,,,,,,,,,,,,,
,,,,,,,,,,,,,,,,,,,,,,,,,,,,,,,,,,,
,,,,,,,,,,,,,,,,,,,,,,,,,,,,,,,,,,,
,,,,,,,,,,,,,,,,,,,,,,,,,,,,,,,,,,,
,,,,,,,,,,,,,,,,,,,,,,,,,,,,,,,,,,,
,,,,,,,,,,,,,,,,,,,,,,,,,,,,,,,,,,,
,,,,,,,,,,,,,,,,,,,,,,,,,,,,,,,,,,,
,,,,,,,,,,,,,,,,,,,,,,,,,,,,,,,,,,,
,,,,,,,,,,,,,,,,,,,,,,,,,,,,,,,,,,,
,,,,,,,,,,,,,,,,,,,,,,,,,,,,,,,,,,,
,,,,,,,,,,,,,,,,,,,,,,,,,,,,,,,,,,,
,,,,,,,,,,,,,,,,,,,,,,,,,,,,,,,,,,,
,,,,,,,,,,,,,,,,,,,,,,,,,,,,,,,,,,,
,,,,,,,,,,,,,,,,,,,,,,,,,,,,,,,,,,,
,,,,,,,,,,,,,,,,,,,,,,,,,,,,,,,,,,,
,,,,,,,,,,,,,,,,,,,,,,,,,,,,,,,,,,,
,,,,,,,,,,,,,,,,,,,,,,,,,,,,,,,,,,,
,,,,,,,,,,,,,,,,,,,,,,,,,,,,,,,,,,,
,,,,,,,,,,,,,,,,,,,,,,,,,,,,,,,,,,,
,,,,,,,,,,,,,,,,,,,,,,,,,,,,,,,,,,,
,,,,,,,,,,,,,,,,,,,,,,,,,,,,,,,,,,,
,,,,,,,,,,,,,,,,,,,,,,,,,,,,,,,,,,,
,,,,,,,,,,,,,,,,,,,,,,,,,,,,,,,,,,,
,,,,,,,,,,,,,,,,,,,,,,,,,,,,,,,,,,,
,,,,,,,,,,,,,,,,,,,,,,,,,,,,,,,,,,,
,,,,,,,,,,,,,,,,,,,,,,,,,,,,,,,,,,,
,,,,,,,,,,,,,,,,,,,,,,,,,,,,,,,,,,,
,,,,,,,,,,,,,,,,,,,,,,,,,,,,,,,,,,,
,,,,,,,,,,,,,,,,,,,,,,,,,,,,,,,,,,,
,,,,,,,,,,,,,,,,,,,,,,,,,,,,,,,,,,,
,,,,,,,,,,,,,,,,,,,,,,,,,,,,,,,,,,,
,,,,,,,,,,,,,,,,,,,,,,,,,,,,,,,,,,,
,,,,,,,,,,,,,,,,,,,,,,,,,,,,,,,,,,,
,,,,,,,,,,,,,,,,,,,,,,,,,,,,,,,,,,,
,,,,,,,,,,,,,,,,,,,,,,,,,,,,,,,,,,,
,,,,,,,,,,,,,,,,,,,,,,,,,,,,,,,,,,,
,,,,,,,,,,,,,,,,,,,,,,,,,,,,,,,,,,,
,,,,,,,,,,,,,,,,,,,,,,,,,,,,,,,,,,,
,,,,,,,,,,,,,,,,,,,,,,,,,,,,,,,,,,,
,,,,,,,,,,,,,,,,,,,,,,,,,,,,,,,,,,,
,,,,,,,,,,,,,,,,,,,,,,,,,,,,,,,,,,,
,,,,,,,,,,,,,,,,,,,,,,,,,,,,,,,,,,,
,,,,,,,,,,,,,,,,,,,,,,,,,,,,,,,,,,,
,,,,,,,,,,,,,,,,,,,,,,,,,,,,,,,,,,,
,,,,,,,,,,,,,,,,,,,,,,,,,,,,,,,,,,,
,,,,,,,,,,,,,,,,,,,,,,,,,,,,,,,,,,,
,,,,,,,,,,,,,,,,,,,,,,,,,,,,,,,,,,,
,,,,,,,,,,,,,,,,,,,,,,,,,,,,,,,,,,,
,,,,,,,,,,,,,,,,,,,,,,,,,,,,,,,,,,,
,,,,,,,,,,,,,,,,,,,,,,,,,,,,,,,,,,,
,,,,,,,,,,,,,,,,,,,,,,,,,,,,,,,,,,,
,,,,,,,,,,,,,,,,,,,,,,,,,,,,,,,,,,,
,,,,,,,,,,,,,,,,,,,,,,,,,,,,,,,,,,,
,,,,,,,,,,,,,,,,,,,,,,,,,,,,,,,,,,,
,,,,,,,,,,,,,,,,,,,,,,,,,,,,,,,,,,,
,,,,,,,,,,,,,,,,,,,,,,,,,,,,,,,,,,,
,,,,,,,,,,,,,,,,,,,,,,,,,,,,,,,,,,,
,,,,,,,,,,,,,,,,,,,,,,,,,,,,,,,,,,,
,,,,,,,,,,,,,,,,,,,,,,,,,,,,,,,,,,,
,,,,,,,,,,,,,,,,,,,,,,,,,,,,,,,,,,,
,,,,,,,,,,,,,,,,,,,,,,,,,,,,,,,,,,,
,,,,,,,,,,,,,,,,,,,,,,,,,,,,,,,,,,,
,,,,,,,,,,,,,,,,,,,,,,,,,,,,,,,,,,,
,,,,,,,,,,,,,,,,,,,,,,,,,,,,,,,,,,,
,,,,,,,,,,,,,,,,,,,,,,,,,,,,,,,,,,,
,,,,,,,,,,,,,,,,,,,,,,,,,,,,,,,,,,,
,,,,,,,,,,,,,,,,,,,,,,,,,,,,,,,,,,,
,,,,,,,,,,,,,,,,,,,,,,,,,,,,,,,,,,,
,,,,,,,,,,,,,,,,,,,,,,,,,,,,,,,,,,,
,,,,,,,,,,,,,,,,,,,,,,,,,,,,,,,,,,,
,,,,,,,,,,,,,,,,,,,,,,,,,,,,,,,,,,,
,,,,,,,,,,,,,,,,,,,,,,,,,,,,,,,,,,,
,,,,,,,,,,,,,,,,,,,,,,,,,,,,,,,,,,,
,,,,,,,,,,,,,,,,,,,,,,,,,,,,,,,,,,,
,,,,,,,,,,,,,,,,,,,,,,,,,,,,,,,,,,,
,,,,,,,,,,,,,,,,,,,,,,,,,,,,,,,,,,,
,,,,,,,,,,,,,,,,,,,,,,,,,,,,,,,,,,,
,,,,,,,,,,,,,,,,,,,,,,,,,,,,,,,,,,,
,,,,,,,,,,,,,,,,,,,,,,,,,,,,,,,,,,,
,,,,,,,,,,,,,,,,,,,,,,,,,,,,,,,,,,,
,,,,,,,,,,,,,,,,,,,,,,,,,,,,,,,,,,,
,,,,,,,,,,,,,,,,,,,,,,,,,,,,,,,,,,,
,,,,,,,,,,,,,,,,,,,,,,,,,,,,,,,,,,,
,,,,,,,,,,,,,,,,,,,,,,,,,,,,,,,,,,,
,,,,,,,,,,,,,,,,,,,,,,,,,,,,,,,,,,,
,,,,,,,,,,,,,,,,,,,,,,,,,,,,,,,,,,,
,,,,,,,,,,,,,,,,,,,,,,,,,,,,,,,,,,,
,,,,,,,,,,,,,,,,,,,,,,,,,,,,,,,,,,,
,,,,,,,,,,,,,,,,,,,,,,,,,,,,,,,,,,,
,,,,,,,,,,,,,,,,,,,,,,,,,,,,,,,,,,,
,,,,,,,,,,,,,,,,,,,,,,,,,,,,,,,,,,,
,,,,,,,,,,,,,,,,,,,,,,,,,,,,,,,,,,,
,,,,,,,,,,,,,,,,,,,,,,,,,,,,,,,,,,,
,,,,,,,,,,,,,,,,,,,,,,,,,,,,,,,,,,,
,,,,,,,,,,,,,,,,,,,,,,,,,,,,,,,,,,,
,,,,,,,,,,,,,,,,,,,,,,,,,,,,,,,,,,,
,,,,,,,,,,,,,,,,,,,,,,,,,,,,,,,,,,,
,,,,,,,,,,,,,,,,,,,,,,,,,,,,,,,,,,,
,,,,,,,,,,,,,,,,,,,,,,,,,,,,,,,,,,,
,,,,,,,,,,,,,,,,,,,,,,,,,,,,,,,,,,,
,,,,,,,,,,,,,,,,,,,,,,,,,,,,,,,,,,,
,,,,,,,,,,,,,,,,,,,,,,,,,,,,,,,,,,,
,,,,,,,,,,,,,,,,,,,,,,,,,,,,,,,,,,,
,,,,,,,,,,,,,,,,,,,,,,,,,,,,,,,,,,,
,,,,,,,,,,,,,,,,,,,,,,,,,,,,,,,,,,,
,,,,,,,,,,,,,,,,,,,,,,,,,,,,,,,,,,,
,,,,,,,,,,,,,,,,,,,,,,,,,,,,,,,,,,,
,,,,,,,,,,,,,,,,,,,,,,,,,,,,,,,,,,,
,,,,,,,,,,,,,,,,,,,,,,,,,,,,,,,,,,,
,,,,,,,,,,,,,,,,,,,,,,,,,,,,,,,,,,,
,,,,,,,,,,,,,,,,,,,,,,,,,,,,,,,,,,,
,,,,,,,,,,,,,,,,,,,,,,,,,,,,,,,,,,,
,,,,,,,,,,,,,,,,,,,,,,,,,,,,,,,,,,,
,,,,,,,,,,,,,,,,,,,,,,,,,,,,,,,,,,,
,,,,,,,,,,,,,,,,,,,,,,,,,,,,,,,,,,,
,,,,,,,,,,,,,,,,,,,,,,,,,,,,,,,,,,,
,,,,,,,,,,,,,,,,,,,,,,,,,,,,,,,,,,,
,,,,,,,,,,,,,,,,,,,,,,,,,,,,,,,,,,,
,,,,,,,,,,,,,,,,,,,,,,,,,,,,,,,,,,,
,,,,,,,,,,,,,,,,,,,,,,,,,,,,,,,,,,,
,,,,,,,,,,,,,,,,,,,,,,,,,,,,,,,,,,,
,,,,,,,,,,,,,,,,,,,,,,,,,,,,,,,,,,,
,,,,,,,,,,,,,,,,,,,,,,,,,,,,,,,,,,,
,,,,,,,,,,,,,,,,,,,,,,,,,,,,,,,,,,,
,,,,,,,,,,,,,,,,,,,,,,,,,,,,,,,,,,,
,,,,,,,,,,,,,,,,,,,,,,,,,,,,,,,,,,,
,,,,,,,,,,,,,,,,,,,,,,,,,,,,,,,,,,,
